station,date,predicted_average
Chishtian,2021-01-01,2176.8533
Chishtian,2021-01-02,2199.6196
Chishtian,2021-01-03,2202.592
Chishtian,2021-01-04,2206.5059
Chishtian,2021-01-05,2218.089
Chishtian,2021-01-06,2230.3657
Chishtian,2021-01-07,2242.6804
Chishtian,2021-01-08,2256.603
Chishtian,2021-01-09,2266.4382
Chishtian,2021-01-10,2275.2637
Chishtian,2021-01-11,2284.4563
Chishtian,2021-01-12,2293.861
Chishtian,2021-01-13,2302.8853
Chishtian,2021-01-14,2311.4639
Chishtian,2021-01-15,2319.5837
Chishtian,2021-01-16,2327.1235
Chishtian,2021-01-17,2334.352
Chishtian,2021-01-18,2341.316
Chishtian,2021-01-19,2347.9668
Chishtian,2021-01-20,2354.2742
Chishtian,2021-01-21,2360.25
Chishtian,2021-01-22,2365.9106
Chishtian,2021-01-23,2371.2732
Chishtian,2021-01-24,2376.363
Chishtian,2021-01-25,2381.189
Chishtian,2021-01-26,2385.7554
Chishtian,2021-01-27,2390.0725
Chishtian,2021-01-28,2394.152
Chishtian,2021-01-29,2398.007
Chishtian,2021-01-30,2401.648
Chishtian,2021-01-31,2405.0852
Chishtian,2021-02-01,2408.3284
Chishtian,2021-02-02,2411.3875
Chishtian,2021-02-03,2414.2708
Chishtian,2021-02-04,2416.9883
Chishtian,2021-02-05,2419.5486
Chishtian,2021-02-06,2421.9595
Chishtian,2021-02-07,2424.2295
Chishtian,2021-02-08,2426.366
Chishtian,2021-02-09,2428.3762
Chishtian,2021-02-10,2430.2676
Chishtian,2021-02-11,2432.0461
Chishtian,2021-02-12,2433.7188
Chishtian,2021-02-13,2435.2908
Chishtian,2021-02-14,2436.768
Chishtian,2021-02-15,2438.157
Chishtian,2021-02-16,2439.4612
Chishtian,2021-02-17,2440.6865
Chishtian,2021-02-18,2441.8374
Chishtian,2021-02-19,2442.918
Chishtian,2021-02-20,2443.9326
Chishtian,2021-02-21,2444.8855
Chishtian,2021-02-22,2445.7798
Chishtian,2021-02-23,2446.6187
Chishtian,2021-02-24,2447.4065
Chishtian,2021-02-25,2448.1453
Chishtian,2021-02-26,2448.8389
Chishtian,2021-02-27,2449.4895
Chishtian,2021-02-28,2450.0999
Chishtian,2021-03-01,2450.672
Chishtian,2021-03-02,2451.2095
Chishtian,2021-03-03,2451.713
Chishtian,2021-03-04,2452.1855
Chishtian,2021-03-05,2452.6284
Chishtian,2021-03-06,2453.0437
Chishtian,2021-03-07,2453.433
Chishtian,2021-03-08,2453.7986
Chishtian,2021-03-09,2454.1409
Chishtian,2021-03-10,2454.462
Chishtian,2021-03-11,2454.763
Chishtian,2021-03-12,2455.0454
Chishtian,2021-03-13,2455.3098
Chishtian,2021-03-14,2455.5576
Chishtian,2021-03-15,2455.7903
Chishtian,2021-03-16,2456.008
Chishtian,2021-03-17,2456.2117
Chishtian,2021-03-18,2456.4038
Chishtian,2021-03-19,2456.583
Chishtian,2021-03-20,2456.7512
Chishtian,2021-03-21,2456.9087
Chishtian,2021-03-22,2457.0562
Chishtian,2021-03-23,2457.1948
Chishtian,2021-03-24,2457.3247
Chishtian,2021-03-25,2457.4456
Chishtian,2021-03-26,2457.5598
Chishtian,2021-03-27,2457.6663
Chishtian,2021-03-28,2457.7666
Chishtian,2021-03-29,2457.86
Chishtian,2021-03-30,2457.948
Chishtian,2021-03-31,2458.0305
Chishtian,2021-04-01,2458.1074
Chishtian,2021-04-02,2458.18
Chishtian,2021-04-03,2458.2476
Chishtian,2021-04-04,2458.311
Chishtian,2021-04-05,2458.3706
Chishtian,2021-04-06,2458.4258
Chishtian,2021-04-07,2458.4783
Chishtian,2021-04-08,2458.5273
Chishtian,2021-04-09,2458.5732
Chishtian,2021-04-10,2458.616
Chishtian,2021-04-11,2458.656
Chishtian,2021-04-12,2458.694
Chishtian,2021-04-13,2458.7292
Chishtian,2021-04-14,2458.7625
Chishtian,2021-04-15,2458.7935
Chishtian,2021-04-16,2458.8228
Chishtian,2021-04-17,2458.8499
Chishtian,2021-04-18,2458.8752
Chishtian,2021-04-19,2458.8994
Chishtian,2021-04-20,2458.9216
Chishtian,2021-04-21,2458.9429
Chishtian,2021-04-22,2458.9622
Chishtian,2021-04-23,2458.9805
Chishtian,2021-04-24,2458.9978
Chishtian,2021-04-25,2459.0137
Chishtian,2021-04-26,2459.0288
Chishtian,2021-04-27,2459.043
Chishtian,2021-04-28,2459.0566
Chishtian,2021-04-29,2459.0693
Chishtian,2021-04-30,2459.0808
Chishtian,2021-05-01,2459.0916
Chishtian,2021-05-02,2459.1018
Chishtian,2021-05-03,2459.1116
Chishtian,2021-05-04,2459.1208
Chishtian,2021-05-05,2459.1294
Chishtian,2021-05-06,2459.137
Chishtian,2021-05-07,2459.1445
Chishtian,2021-05-08,2459.1516
Chishtian,2021-05-09,2459.158
Chishtian,2021-05-10,2459.1643
Chishtian,2021-05-11,2459.17
Chishtian,2021-05-12,2459.175
Chishtian,2021-05-13,2459.1802
Chishtian,2021-05-14,2459.1848
Chishtian,2021-05-15,2459.1895
Chishtian,2021-05-16,2459.1934
Chishtian,2021-05-17,2459.1968
Chishtian,2021-05-18,2459.201
Chishtian,2021-05-19,2459.2043
Chishtian,2021-05-20,2459.2078
Chishtian,2021-05-21,2459.2102
Chishtian,2021-05-22,2459.213
Chishtian,2021-05-23,2459.2158
Chishtian,2021-05-24,2459.2183
Chishtian,2021-05-25,2459.2207
Chishtian,2021-05-26,2459.2227
Chishtian,2021-05-27,2459.2249
Chishtian,2021-05-28,2459.2266
Chishtian,2021-05-29,2459.2283
Chishtian,2021-05-30,2459.23
Chishtian,2021-05-31,2459.2317
Chishtian,2021-06-01,2459.233
Chishtian,2021-06-02,2459.2341
Chishtian,2021-06-03,2459.2358
Chishtian,2021-06-04,2459.2368
Chishtian,2021-06-05,2459.238
Chishtian,2021-06-06,2459.2393
Chishtian,2021-06-07,2459.2397
Chishtian,2021-06-08,2459.241
Chishtian,2021-06-09,2459.242
Chishtian,2021-06-10,2459.243
Chishtian,2021-06-11,2459.2437
Chishtian,2021-06-12,2459.2444
Chishtian,2021-06-13,2459.2449
Chishtian,2021-06-14,2459.2456
Chishtian,2021-06-15,2459.246
Chishtian,2021-06-16,2459.2466
Chishtian,2021-06-17,2459.2473
Chishtian,2021-06-18,2459.2478
Chishtian,2021-06-19,2459.2483
Chishtian,2021-06-20,2459.2483
Chishtian,2021-06-21,2459.249
Chishtian,2021-06-22,2459.2495
Chishtian,2021-06-23,2459.2498
Chishtian,2021-06-24,2459.25
Chishtian,2021-06-25,2459.25
Chishtian,2021-06-26,2459.2502
Chishtian,2021-06-27,2459.2507
Chishtian,2021-06-28,2459.2512
Chishtian,2021-06-29,2459.2512
Khanpur,2020-08-25,1978.2181
Khanpur,2020-08-26,1973.2501
Khanpur,2020-08-27,1968.0745
Khanpur,2020-08-28,1966.1213
Khanpur,2020-08-29,1965.8033
Khanpur,2020-08-30,1967.1569
Khanpur,2020-08-31,1966.4937
Khanpur,2020-09-01,1965.5786
Khanpur,2020-09-02,1964.559
Khanpur,2020-09-03,1963.7433
Khanpur,2020-09-04,1963.1128
Khanpur,2020-09-05,1962.5269
Khanpur,2020-09-06,1961.9229
Khanpur,2020-09-07,1961.243
Khanpur,2020-09-08,1960.5717
Khanpur,2020-09-09,1959.9185
Khanpur,2020-09-10,1959.2856
Khanpur,2020-09-11,1958.6641
Khanpur,2020-09-12,1958.0465
Khanpur,2020-09-13,1957.4321
Khanpur,2020-09-14,1956.8225
Khanpur,2020-09-15,1956.2203
Khanpur,2020-09-16,1955.6256
Khanpur,2020-09-17,1955.0374
Khanpur,2020-09-18,1954.4554
Khanpur,2020-09-19,1953.8793
Khanpur,2020-09-20,1953.3092
Khanpur,2020-09-21,1952.7451
Khanpur,2020-09-22,1952.187
Khanpur,2020-09-23,1951.6344
Khanpur,2020-09-24,1951.0878
Khanpur,2020-09-25,1950.5464
Khanpur,2020-09-26,1950.0111
Khanpur,2020-09-27,1949.481
Khanpur,2020-09-28,1948.9563
Khanpur,2020-09-29,1948.4369
Khanpur,2020-09-30,1947.9229
Khanpur,2020-10-01,1947.414
Khanpur,2020-10-02,1946.9102
Khanpur,2020-10-03,1946.4115
Khanpur,2020-10-04,1945.9178
Khanpur,2020-10-05,1945.429
Khanpur,2020-10-06,1944.945
Khanpur,2020-10-07,1944.4658
Khanpur,2020-10-08,1943.9913
Khanpur,2020-10-09,1943.5214
Khanpur,2020-10-10,1943.0562
Khanpur,2020-10-11,1942.5953
Khanpur,2020-10-12,1942.1392
Khanpur,2020-10-13,1941.6874
Khanpur,2020-10-14,1941.2399
Khanpur,2020-10-15,1940.7969
Khanpur,2020-10-16,1940.358
Khanpur,2020-10-17,1939.9233
Khanpur,2020-10-18,1939.4927
Khanpur,2020-10-19,1939.0665
Khanpur,2020-10-20,1938.6439
Khanpur,2020-10-21,1938.2257
Khanpur,2020-10-22,1937.811
Khanpur,2020-10-23,1937.4008
Khanpur,2020-10-24,1936.9939
Khanpur,2020-10-25,1936.591
Khanpur,2020-10-26,1936.1918
Khanpur,2020-10-27,1935.7963
Khanpur,2020-10-28,1935.4044
Khanpur,2020-10-29,1935.0164
Khanpur,2020-10-30,1934.6317
Khanpur,2020-10-31,1934.2504
Khanpur,2020-11-01,1933.8728
Khanpur,2020-11-02,1933.4987
Khanpur,2020-11-03,1933.1279
Khanpur,2020-11-04,1932.7603
Khanpur,2020-11-05,1932.3965
Khanpur,2020-11-06,1932.0358
Khanpur,2020-11-07,1931.678
Khanpur,2020-11-08,1931.3237
Khanpur,2020-11-09,1930.9725
Khanpur,2020-11-10,1930.6245
Khanpur,2020-11-11,1930.2798
Khanpur,2020-11-12,1929.9379
Khanpur,2020-11-13,1929.5988
Khanpur,2020-11-14,1929.263
Khanpur,2020-11-15,1928.93
Khanpur,2020-11-16,1928.6
Khanpur,2020-11-17,1928.273
Khanpur,2020-11-18,1927.9489
Khanpur,2020-11-19,1927.6273
Khanpur,2020-11-20,1927.3087
Khanpur,2020-11-21,1926.993
Khanpur,2020-11-22,1926.6797
Khanpur,2020-11-23,1926.3694
Khanpur,2020-11-24,1926.0618
Khanpur,2020-11-25,1925.7565
Khanpur,2020-11-26,1925.4542
Khanpur,2020-11-27,1925.1542
Khanpur,2020-11-28,1924.8568
Khanpur,2020-11-29,1924.562
Khanpur,2020-11-30,1924.2697
Khanpur,2020-12-01,1923.98
Khanpur,2020-12-02,1923.6926
Khanpur,2020-12-03,1923.4077
Khanpur,2020-12-04,1923.1252
Khanpur,2020-12-05,1922.8451
Khanpur,2020-12-06,1922.5674
Khanpur,2020-12-07,1922.2916
Khanpur,2020-12-08,1922.0186
Khanpur,2020-12-09,1921.7477
Khanpur,2020-12-10,1921.4791
Khanpur,2020-12-11,1921.2126
Khanpur,2020-12-12,1920.9484
Khanpur,2020-12-13,1920.6863
Khanpur,2020-12-14,1920.4264
Khanpur,2020-12-15,1920.1687
Khanpur,2020-12-16,1919.913
Khanpur,2020-12-17,1919.6594
Khanpur,2020-12-18,1919.408
Khanpur,2020-12-19,1919.1587
Khanpur,2020-12-20,1918.9113
Khanpur,2020-12-21,1918.6658
Khanpur,2020-12-22,1918.4225
Khanpur,2020-12-23,1918.181
Khanpur,2020-12-24,1917.9414
Khanpur,2020-12-25,1917.7041
Khanpur,2020-12-26,1917.4685
Khanpur,2020-12-27,1917.2347
Khanpur,2020-12-28,1917.0029
Khanpur,2020-12-29,1916.7728
Khanpur,2020-12-30,1916.5446
Khanpur,2020-12-31,1916.3182
Khanpur,2021-01-01,1916.0936
Khanpur,2021-01-02,1915.8708
Khanpur,2021-01-03,1915.6498
Khanpur,2021-01-04,1915.4307
Khanpur,2021-01-05,1915.2131
Khanpur,2021-01-06,1914.9973
Khanpur,2021-01-07,1914.7833
Khanpur,2021-01-08,1914.5708
Khanpur,2021-01-09,1914.3601
Khanpur,2021-01-10,1914.151
Khanpur,2021-01-11,1913.9436
Khanpur,2021-01-12,1913.7377
Khanpur,2021-01-13,1913.5333
Khanpur,2021-01-14,1913.3308
Khanpur,2021-01-15,1913.1295
Khanpur,2021-01-16,1912.9299
Khanpur,2021-01-17,1912.7318
Khanpur,2021-01-18,1912.5355
Khanpur,2021-01-19,1912.3405
Khanpur,2021-01-20,1912.1471
Khanpur,2021-01-21,1911.9551
Khanpur,2021-01-22,1911.7644
Khanpur,2021-01-23,1911.5754
Khanpur,2021-01-24,1911.3878
Khanpur,2021-01-25,1911.2017
Khanpur,2021-01-26,1911.0171
Khanpur,2021-01-27,1910.8335
Khanpur,2021-01-28,1910.6515
Khanpur,2021-01-29,1910.4711
Khanpur,2021-01-30,1910.2917
Khanpur,2021-01-31,1910.1138
Khanpur,2021-02-01,1909.9374
Khanpur,2021-02-02,1909.7622
Khanpur,2021-02-03,1909.5884
Khanpur,2021-02-04,1909.4158
Khanpur,2021-02-05,1909.2444
Khanpur,2021-02-06,1909.0745
Khanpur,2021-02-07,1908.9058
Khanpur,2021-02-08,1908.7383
Khanpur,2021-02-09,1908.572
Khanpur,2021-02-10,1908.4071
Khanpur,2021-02-11,1908.2433
Khanpur,2021-02-12,1908.0807
Khanpur,2021-02-13,1907.9196
Khanpur,2021-02-14,1907.7594
Khanpur,2021-02-15,1907.6005
Khanpur,2021-02-16,1907.4426
Khanpur,2021-02-17,1907.2863
Khanpur,2021-02-18,1907.1307
Khanpur,2021-02-19,1906.9764
Khanpur,2021-02-20,1906.8231
Sadiqabad,2021-01-01,2098.9626
Sadiqabad,2021-01-02,2115.736
Sadiqabad,2021-01-03,2119.5273
Sadiqabad,2021-01-04,2117.9797
Sadiqabad,2021-01-05,2118.4219
Sadiqabad,2021-01-06,2119.1257
Sadiqabad,2021-01-07,2119.9404
Sadiqabad,2021-01-08,2119.8137
Sadiqabad,2021-01-09,2122.036
Sadiqabad,2021-01-10,2122.8713
Sadiqabad,2021-01-11,2123.4338
Sadiqabad,2021-01-12,2124.2039
Sadiqabad,2021-01-13,2125.007
Sadiqabad,2021-01-14,2125.8164
Sadiqabad,2021-01-15,2126.6218
Sadiqabad,2021-01-16,2127.5051
Sadiqabad,2021-01-17,2128.2598
Sadiqabad,2021-01-18,2129.006
Sadiqabad,2021-01-19,2129.7676
Sadiqabad,2021-01-20,2130.5261
Sadiqabad,2021-01-21,2131.2766
Sadiqabad,2021-01-22,2132.0186
Sadiqabad,2021-01-23,2132.7512
Sadiqabad,2021-01-24,2133.467
Sadiqabad,2021-01-25,2134.1768
Sadiqabad,2021-01-26,2134.8804
Sadiqabad,2021-01-27,2135.5762
Sadiqabad,2021-01-28,2136.2627
Sadiqabad,2021-01-29,2136.941
Sadiqabad,2021-01-30,2137.61
Sadiqabad,2021-01-31,2138.2712
Sadiqabad,2021-02-01,2138.9243
Sadiqabad,2021-02-02,2139.5696
Sadiqabad,2021-02-03,2140.2065
Sadiqabad,2021-02-04,2140.836
Sadiqabad,2021-02-05,2141.4573
Sadiqabad,2021-02-06,2142.0706
Sadiqabad,2021-02-07,2142.6765
Sadiqabad,2021-02-08,2143.2744
Sadiqabad,2021-02-09,2143.865
Sadiqabad,2021-02-10,2144.4482
Sadiqabad,2021-02-11,2145.024
Sadiqabad,2021-02-12,2145.5923
Sadiqabad,2021-02-13,2146.153
Sadiqabad,2021-02-14,2146.707
Sadiqabad,2021-02-15,2147.2537
Sadiqabad,2021-02-16,2147.7932
Sadiqabad,2021-02-17,2148.326
Sadiqabad,2021-02-18,2148.8518
Sadiqabad,2021-02-19,2149.3708
Sadiqabad,2021-02-20,2149.883
Sadiqabad,2021-02-21,2150.3884
Sadiqabad,2021-02-22,2150.8872
Sadiqabad,2021-02-23,2151.3796
Sadiqabad,2021-02-24,2151.8655
Sadiqabad,2021-02-25,2152.3447
Sadiqabad,2021-02-26,2152.8179
Sadiqabad,2021-02-27,2153.2847
Sadiqabad,2021-02-28,2153.7454
Sadiqabad,2021-03-01,2154.2
Sadiqabad,2021-03-02,2154.6482
Sadiqabad,2021-03-03,2155.0906
Sadiqabad,2021-03-04,2155.527
Sadiqabad,2021-03-05,2155.9578
Sadiqabad,2021-03-06,2156.3823
Sadiqabad,2021-03-07,2156.8015
Sadiqabad,2021-03-08,2157.215
Sadiqabad,2021-03-09,2157.6228
Sadiqabad,2021-03-10,2158.025
Sadiqabad,2021-03-11,2158.422
Sadiqabad,2021-03-12,2158.8132
Sadiqabad,2021-03-13,2159.1995
Sadiqabad,2021-03-14,2159.5803
Sadiqabad,2021-03-15,2159.9558
Sadiqabad,2021-03-16,2160.3267
Sadiqabad,2021-03-17,2160.692
Sadiqabad,2021-03-18,2161.0522
Sadiqabad,2021-03-19,2161.4075
Sadiqabad,2021-03-20,2161.758
Sadiqabad,2021-03-21,2162.1035
Sadiqabad,2021-03-22,2162.4443
Sadiqabad,2021-03-23,2162.7805
Sadiqabad,2021-03-24,2163.1118
Sadiqabad,2021-03-25,2163.4387
Sadiqabad,2021-03-26,2163.761
Sadiqabad,2021-03-27,2164.0786
Sadiqabad,2021-03-28,2164.392
Sadiqabad,2021-03-29,2164.7007
Sadiqabad,2021-03-30,2165.0056
Sadiqabad,2021-03-31,2165.306
Sadiqabad,2021-04-01,2165.6018
Sadiqabad,2021-04-02,2165.8938
Sadiqabad,2021-04-03,2166.1816
Sadiqabad,2021-04-04,2166.4656
Sadiqabad,2021-04-05,2166.7449
Sadiqabad,2021-04-06,2167.0208
Sadiqabad,2021-04-07,2167.2927
Sadiqabad,2021-04-08,2167.5608
Sadiqabad,2021-04-09,2167.825
Sadiqabad,2021-04-10,2168.0854
Sadiqabad,2021-04-11,2168.3423
Sadiqabad,2021-04-12,2168.595
Sadiqabad,2021-04-13,2168.8447
Sadiqabad,2021-04-14,2169.0906
Sadiqabad,2021-04-15,2169.333
Sadiqabad,2021-04-16,2169.5718
Sadiqabad,2021-04-17,2169.8071
Sadiqabad,2021-04-18,2170.0393
Sadiqabad,2021-04-19,2170.268
Sadiqabad,2021-04-20,2170.4934
Sadiqabad,2021-04-21,2170.7158
Sadiqabad,2021-04-22,2170.9346
Sadiqabad,2021-04-23,2171.1506
Sadiqabad,2021-04-24,2171.3635
Sadiqabad,2021-04-25,2171.573
Sadiqabad,2021-04-26,2171.7795
Sadiqabad,2021-04-27,2171.9832
Sadiqabad,2021-04-28,2172.184
Sadiqabad,2021-04-29,2172.3818
Sadiqabad,2021-04-30,2172.5764
Sadiqabad,2021-05-01,2172.7686
Sadiqabad,2021-05-02,2172.9583
Sadiqabad,2021-05-03,2173.1443
Sadiqabad,2021-05-04,2173.3281
Sadiqabad,2021-05-05,2173.5093
Sadiqabad,2021-05-06,2173.6877
Sadiqabad,2021-05-07,2173.8633
Sadiqabad,2021-05-08,2174.0369
Sadiqabad,2021-05-09,2174.2075
Sadiqabad,2021-05-10,2174.3757
Sadiqabad,2021-05-11,2174.5415
Sadiqabad,2021-05-12,2174.705
Sadiqabad,2021-05-13,2174.866
Sadiqabad,2021-05-14,2175.0244
Sadiqabad,2021-05-15,2175.1807
Sadiqabad,2021-05-16,2175.3347
Sadiqabad,2021-05-17,2175.4863
Sadiqabad,2021-05-18,2175.6357
Sadiqabad,2021-05-19,2175.7832
Sadiqabad,2021-05-20,2175.9282
Sadiqabad,2021-05-21,2176.071
Sadiqabad,2021-05-22,2176.212
Sadiqabad,2021-05-23,2176.3506
Sadiqabad,2021-05-24,2176.4873
Sadiqabad,2021-05-25,2176.622
Sadiqabad,2021-05-26,2176.755
Sadiqabad,2021-05-27,2176.8853
Sadiqabad,2021-05-28,2177.0142
Sadiqabad,2021-05-29,2177.141
Sadiqabad,2021-05-30,2177.266
Sadiqabad,2021-05-31,2177.3894
Sadiqabad,2021-06-01,2177.5103
Sadiqabad,2021-06-02,2177.6301
Sadiqabad,2021-06-03,2177.7476
Sadiqabad,2021-06-04,2177.8635
Sadiqabad,2021-06-05,2177.9778
Sadiqabad,2021-06-06,2178.0903
Sadiqabad,2021-06-07,2178.2012
Sadiqabad,2021-06-08,2178.3103
Sadiqabad,2021-06-09,2178.4177
Sadiqabad,2021-06-10,2178.5242
Sadiqabad,2021-06-11,2178.6282
Sadiqabad,2021-06-12,2178.731
Sadiqabad,2021-06-13,2178.832
Sadiqabad,2021-06-14,2178.9321
Sadiqabad,2021-06-15,2179.0305
Sadiqabad,2021-06-16,2179.1272
Sadiqabad,2021-06-17,2179.2224
Sadiqabad,2021-06-18,2179.3167
Sadiqabad,2021-06-19,2179.4092
Sadiqabad,2021-06-20,2179.5
Sadiqabad,2021-06-21,2179.5898
Sadiqabad,2021-06-22,2179.6785
Sadiqabad,2021-06-23,2179.7654
Sadiqabad,2021-06-24,2179.851
Sadiqabad,2021-06-25,2179.9355
Sadiqabad,2021-06-26,2180.0188
Sadiqabad,2021-06-27,2180.1008
Sadiqabad,2021-06-28,2180.1814
Sadiqabad,2021-06-29,2180.261
Rahim Yar Khan,2021-01-01,2162.4595
Rahim Yar Khan,2021-01-02,2178.9333
Rahim Yar Khan,2021-01-03,2195.308
Rahim Yar Khan,2021-01-04,2202.465
Rahim Yar Khan,2021-01-05,2207.753
Rahim Yar Khan,2021-01-06,2213.5288
Rahim Yar Khan,2021-01-07,2219.0217
Rahim Yar Khan,2021-01-08,2224.6594
Rahim Yar Khan,2021-01-09,2231.721
Rahim Yar Khan,2021-01-10,2238.006
Rahim Yar Khan,2021-01-11,2243.515
Rahim Yar Khan,2021-01-12,2248.835
Rahim Yar Khan,2021-01-13,2254.0789
Rahim Yar Khan,2021-01-14,2259.2056
Rahim Yar Khan,2021-01-15,2264.221
Rahim Yar Khan,2021-01-16,2269.107
Rahim Yar Khan,2021-01-17,2273.7651
Rahim Yar Khan,2021-01-18,2278.2366
Rahim Yar Khan,2021-01-19,2282.5632
Rahim Yar Khan,2021-01-20,2286.7498
Rahim Yar Khan,2021-01-21,2290.7925
Rahim Yar Khan,2021-01-22,2294.6917
Rahim Yar Khan,2021-01-23,2298.4478
Rahim Yar Khan,2021-01-24,2302.0618
Rahim Yar Khan,2021-01-25,2305.5422
Rahim Yar Khan,2021-01-26,2308.894
Rahim Yar Khan,2021-01-27,2312.1206
Rahim Yar Khan,2021-01-28,2315.224
Rahim Yar Khan,2021-01-29,2318.2087
Rahim Yar Khan,2021-01-30,2321.078
Rahim Yar Khan,2021-01-31,2323.8352
Rahim Yar Khan,2021-02-01,2326.4844
Rahim Yar Khan,2021-02-02,2329.0298
Rahim Yar Khan,2021-02-03,2331.4734
Rahim Yar Khan,2021-02-04,2333.8193
Rahim Yar Khan,2021-02-05,2336.071
Rahim Yar Khan,2021-02-06,2338.2314
Rahim Yar Khan,2021-02-07,2340.3044
Rahim Yar Khan,2021-02-08,2342.2922
Rahim Yar Khan,2021-02-09,2344.198
Rahim Yar Khan,2021-02-10,2346.0256
Rahim Yar Khan,2021-02-11,2347.7773
Rahim Yar Khan,2021-02-12,2349.4558
Rahim Yar Khan,2021-02-13,2351.0642
Rahim Yar Khan,2021-02-14,2352.605
Rahim Yar Khan,2021-02-15,2354.0808
Rahim Yar Khan,2021-02-16,2355.494
Rahim Yar Khan,2021-02-17,2356.847
Rahim Yar Khan,2021-02-18,2358.1426
Rahim Yar Khan,2021-02-19,2359.3826
Rahim Yar Khan,2021-02-20,2360.5693
Rahim Yar Khan,2021-02-21,2361.7056
Rahim Yar Khan,2021-02-22,2362.792
Rahim Yar Khan,2021-02-23,2363.8318
Rahim Yar Khan,2021-02-24,2364.8267
Rahim Yar Khan,2021-02-25,2365.778
Rahim Yar Khan,2021-02-26,2366.6877
Rahim Yar Khan,2021-02-27,2367.5583
Rahim Yar Khan,2021-02-28,2368.3904
Rahim Yar Khan,2021-03-01,2369.1858
Rahim Yar Khan,2021-03-02,2369.9468
Rahim Yar Khan,2021-03-03,2370.6738
Rahim Yar Khan,2021-03-04,2371.369
Rahim Yar Khan,2021-03-05,2372.0334
Rahim Yar Khan,2021-03-06,2372.6682
Rahim Yar Khan,2021-03-07,2373.2754
Rahim Yar Khan,2021-03-08,2373.8552
Rahim Yar Khan,2021-03-09,2374.4094
Rahim Yar Khan,2021-03-10,2374.9387
Rahim Yar Khan,2021-03-11,2375.4453
Rahim Yar Khan,2021-03-12,2375.9282
Rahim Yar Khan,2021-03-13,2376.3896
Rahim Yar Khan,2021-03-14,2376.831
Rahim Yar Khan,2021-03-15,2377.2524
Rahim Yar Khan,2021-03-16,2377.6553
Rahim Yar Khan,2021-03-17,2378.0396
Rahim Yar Khan,2021-03-18,2378.4067
Rahim Yar Khan,2021-03-19,2378.757
Rahim Yar Khan,2021-03-20,2379.0923
Rahim Yar Khan,2021-03-21,2379.412
Rahim Yar Khan,2021-03-22,2379.7175
Rahim Yar Khan,2021-03-23,2380.0095
Rahim Yar Khan,2021-03-24,2380.288
Rahim Yar Khan,2021-03-25,2380.554
Rahim Yar Khan,2021-03-26,2380.808
Rahim Yar Khan,2021-03-27,2381.0505
Rahim Yar Khan,2021-03-28,2381.282
Rahim Yar Khan,2021-03-29,2381.5027
Rahim Yar Khan,2021-03-30,2381.714
Rahim Yar Khan,2021-03-31,2381.9155
Rahim Yar Khan,2021-04-01,2382.108
Rahim Yar Khan,2021-04-02,2382.2915
Rahim Yar Khan,2021-04-03,2382.4668
Rahim Yar Khan,2021-04-04,2382.6345
Rahim Yar Khan,2021-04-05,2382.794
Rahim Yar Khan,2021-04-06,2382.9468
Rahim Yar Khan,2021-04-07,2383.0923
Rahim Yar Khan,2021-04-08,2383.231
Rahim Yar Khan,2021-04-09,2383.3635
Rahim Yar Khan,2021-04-10,2383.4902
Rahim Yar Khan,2021-04-11,2383.6116
Rahim Yar Khan,2021-04-12,2383.7266
Rahim Yar Khan,2021-04-13,2383.837
Rahim Yar Khan,2021-04-14,2383.942
Rahim Yar Khan,2021-04-15,2384.0422
Rahim Yar Khan,2021-04-16,2384.138
Rahim Yar Khan,2021-04-17,2384.2295
Rahim Yar Khan,2021-04-18,2384.317
Rahim Yar Khan,2021-04-19,2384.4001
Rahim Yar Khan,2021-04-20,2384.4792
Rahim Yar Khan,2021-04-21,2384.5552
Rahim Yar Khan,2021-04-22,2384.628
Rahim Yar Khan,2021-04-23,2384.697
Rahim Yar Khan,2021-04-24,2384.7627
Rahim Yar Khan,2021-04-25,2384.8257
Rahim Yar Khan,2021-04-26,2384.8857
Rahim Yar Khan,2021-04-27,2384.9434
Rahim Yar Khan,2021-04-28,2384.9978
Rahim Yar Khan,2021-04-29,2385.0503
Rahim Yar Khan,2021-04-30,2385.0999
Rahim Yar Khan,2021-05-01,2385.1477
Rahim Yar Khan,2021-05-02,2385.193
Rahim Yar Khan,2021-05-03,2385.2358
Rahim Yar Khan,2021-05-04,2385.2773
Rahim Yar Khan,2021-05-05,2385.3164
Rahim Yar Khan,2021-05-06,2385.3542
Rahim Yar Khan,2021-05-07,2385.3904
Rahim Yar Khan,2021-05-08,2385.4248
Rahim Yar Khan,2021-05-09,2385.4573
Rahim Yar Khan,2021-05-10,2385.4885
Rahim Yar Khan,2021-05-11,2385.5183
Rahim Yar Khan,2021-05-12,2385.5466
Rahim Yar Khan,2021-05-13,2385.5737
Rahim Yar Khan,2021-05-14,2385.5996
Rahim Yar Khan,2021-05-15,2385.6243
Rahim Yar Khan,2021-05-16,2385.6482
Rahim Yar Khan,2021-05-17,2385.6704
Rahim Yar Khan,2021-05-18,2385.692
Rahim Yar Khan,2021-05-19,2385.7124
Rahim Yar Khan,2021-05-20,2385.7322
Rahim Yar Khan,2021-05-21,2385.7507
Rahim Yar Khan,2021-05-22,2385.7686
Rahim Yar Khan,2021-05-23,2385.7856
Rahim Yar Khan,2021-05-24,2385.8018
Rahim Yar Khan,2021-05-25,2385.8171
Rahim Yar Khan,2021-05-26,2385.832
Rahim Yar Khan,2021-05-27,2385.846
Rahim Yar Khan,2021-05-28,2385.8594
Rahim Yar Khan,2021-05-29,2385.8726
Rahim Yar Khan,2021-05-30,2385.8848
Rahim Yar Khan,2021-05-31,2385.8965
Rahim Yar Khan,2021-06-01,2385.9077
Rahim Yar Khan,2021-06-02,2385.9182
Rahim Yar Khan,2021-06-03,2385.9282
Rahim Yar Khan,2021-06-04,2385.938
Rahim Yar Khan,2021-06-05,2385.9473
Rahim Yar Khan,2021-06-06,2385.9563
Rahim Yar Khan,2021-06-07,2385.965
Rahim Yar Khan,2021-06-08,2385.9727
Rahim Yar Khan,2021-06-09,2385.9805
Rahim Yar Khan,2021-06-10,2385.988
Rahim Yar Khan,2021-06-11,2385.9949
Rahim Yar Khan,2021-06-12,2386.0015
Rahim Yar Khan,2021-06-13,2386.0078
Rahim Yar Khan,2021-06-14,2386.0134
Rahim Yar Khan,2021-06-15,2386.0193
Rahim Yar Khan,2021-06-16,2386.025
Rahim Yar Khan,2021-06-17,2386.0303
Rahim Yar Khan,2021-06-18,2386.0352
Rahim Yar Khan,2021-06-19,2386.04
Rahim Yar Khan,2021-06-20,2386.0447
Rahim Yar Khan,2021-06-21,2386.0488
Rahim Yar Khan,2021-06-22,2386.0532
Rahim Yar Khan,2021-06-23,2386.0574
Rahim Yar Khan,2021-06-24,2386.061
Rahim Yar Khan,2021-06-25,2386.0645
Rahim Yar Khan,2021-06-26,2386.0679
Rahim Yar Khan,2021-06-27,2386.071
Rahim Yar Khan,2021-06-28,2386.0745
Rahim Yar Khan,2021-06-29,2386.0774
Hasilpur,2020-10-02,1919.1854
Hasilpur,2020-10-03,1934.3385
Hasilpur,2020-10-04,1952.7819
Hasilpur,2020-10-05,1969.6597
Hasilpur,2020-10-06,1985.9723
Hasilpur,2020-10-07,2002.7999
Hasilpur,2020-10-08,2020.0747
Hasilpur,2020-10-09,2011.8447
Hasilpur,2020-10-10,2024.1155
Hasilpur,2020-10-11,2035.9515
Hasilpur,2020-10-12,2046.8416
Hasilpur,2020-10-13,2056.978
Hasilpur,2020-10-14,2066.4497
Hasilpur,2020-10-15,2075.234
Hasilpur,2020-10-16,2083.3086
Hasilpur,2020-10-17,2092.7896
Hasilpur,2020-10-18,2101.9106
Hasilpur,2020-10-19,2110.6873
Hasilpur,2020-10-20,2119.1982
Hasilpur,2020-10-21,2127.4978
Hasilpur,2020-10-22,2135.6292
Hasilpur,2020-10-23,2143.633
Hasilpur,2020-10-24,2151.5505
Hasilpur,2020-10-25,2159.25
Hasilpur,2020-10-26,2166.7476
Hasilpur,2020-10-27,2174.0583
Hasilpur,2020-10-28,2181.19
Hasilpur,2020-10-29,2188.145
Hasilpur,2020-10-30,2194.9233
Hasilpur,2020-10-31,2201.5208
Hasilpur,2020-11-01,2207.9302
Hasilpur,2020-11-02,2214.1565
Hasilpur,2020-11-03,2220.202
Hasilpur,2020-11-04,2226.0686
Hasilpur,2020-11-05,2231.7578
Hasilpur,2020-11-06,2237.2712
Hasilpur,2020-11-07,2242.6104
Hasilpur,2020-11-08,2247.7764
Hasilpur,2020-11-09,2252.774
Hasilpur,2020-11-10,2257.6045
Hasilpur,2020-11-11,2262.2715
Hasilpur,2020-11-12,2266.7783
Hasilpur,2020-11-13,2271.1274
Hasilpur,2020-11-14,2275.3232
Hasilpur,2020-11-15,2279.3677
Hasilpur,2020-11-16,2283.2654
Hasilpur,2020-11-17,2287.0193
Hasilpur,2020-11-18,2290.6335
Hasilpur,2020-11-19,2294.112
Hasilpur,2020-11-20,2297.4578
Hasilpur,2020-11-21,2300.6748
Hasilpur,2020-11-22,2303.767
Hasilpur,2020-11-23,2306.738
Hasilpur,2020-11-24,2309.5918
Hasilpur,2020-11-25,2312.3313
Hasilpur,2020-11-26,2314.9607
Hasilpur,2020-11-27,2317.484
Hasilpur,2020-11-28,2319.904
Hasilpur,2020-11-29,2322.2246
Hasilpur,2020-11-30,2324.4495
Hasilpur,2020-12-01,2326.5813
Hasilpur,2020-12-02,2328.6238
Hasilpur,2020-12-03,2330.5806
Hasilpur,2020-12-04,2332.454
Hasilpur,2020-12-05,2334.248
Hasilpur,2020-12-06,2335.9653
Hasilpur,2020-12-07,2337.609
Hasilpur,2020-12-08,2339.1807
Hasilpur,2020-12-09,2340.685
Hasilpur,2020-12-10,2342.1233
Hasilpur,2020-12-11,2343.4988
Hasilpur,2020-12-12,2344.8142
Hasilpur,2020-12-13,2346.0713
Hasilpur,2020-12-14,2347.273
Hasilpur,2020-12-15,2348.421
Hasilpur,2020-12-16,2349.5183
Hasilpur,2020-12-17,2350.5662
Hasilpur,2020-12-18,2351.5674
Hasilpur,2020-12-19,2352.5237
Hasilpur,2020-12-20,2353.4373
Hasilpur,2020-12-21,2354.309
Hasilpur,2020-12-22,2355.1416
Hasilpur,2020-12-23,2355.9363
Hasilpur,2020-12-24,2356.695
Hasilpur,2020-12-25,2357.4192
Hasilpur,2020-12-26,2358.1104
Hasilpur,2020-12-27,2358.77
Hasilpur,2020-12-28,2359.3997
Hasilpur,2020-12-29,2360.0002
Hasilpur,2020-12-30,2360.5732
Hasilpur,2020-12-31,2361.1199
Hasilpur,2021-01-01,2361.641
Hasilpur,2021-01-02,2362.1384
Hasilpur,2021-01-03,2362.6128
Hasilpur,2021-01-04,2363.0657
Hasilpur,2021-01-05,2363.4968
Hasilpur,2021-01-06,2363.9087
Hasilpur,2021-01-07,2364.301
Hasilpur,2021-01-08,2364.675
Hasilpur,2021-01-09,2365.0322
Hasilpur,2021-01-10,2365.372
Hasilpur,2021-01-11,2365.6965
Hasilpur,2021-01-12,2366.0059
Hasilpur,2021-01-13,2366.3005
Hasilpur,2021-01-14,2366.582
Hasilpur,2021-01-15,2366.8499
Hasilpur,2021-01-16,2367.1052
Hasilpur,2021-01-17,2367.3486
Hasilpur,2021-01-18,2367.5806
Hasilpur,2021-01-19,2367.802
Hasilpur,2021-01-20,2368.0127
Hasilpur,2021-01-21,2368.2136
Hasilpur,2021-01-22,2368.4053
Hasilpur,2021-01-23,2368.5874
Hasilpur,2021-01-24,2368.7612
Hasilpur,2021-01-25,2368.9272
Hasilpur,2021-01-26,2369.0852
Hasilpur,2021-01-27,2369.2356
Hasilpur,2021-01-28,2369.3794
Hasilpur,2021-01-29,2369.516
Hasilpur,2021-01-30,2369.6462
Hasilpur,2021-01-31,2369.7703
Hasilpur,2021-02-01,2369.889
Hasilpur,2021-02-02,2370.0015
Hasilpur,2021-02-03,2370.109
Hasilpur,2021-02-04,2370.211
Hasilpur,2021-02-05,2370.3083
Hasilpur,2021-02-06,2370.4016
Hasilpur,2021-02-07,2370.4902
Hasilpur,2021-02-08,2370.5747
Hasilpur,2021-02-09,2370.6545
Hasilpur,2021-02-10,2370.7314
Hasilpur,2021-02-11,2370.8044
Hasilpur,2021-02-12,2370.8738
Hasilpur,2021-02-13,2370.9402
Hasilpur,2021-02-14,2371.0037
Hasilpur,2021-02-15,2371.0635
Hasilpur,2021-02-16,2371.1204
Hasilpur,2021-02-17,2371.1755
Hasilpur,2021-02-18,2371.2273
Hasilpur,2021-02-19,2371.277
Hasilpur,2021-02-20,2371.324
Hasilpur,2021-02-21,2371.369
Hasilpur,2021-02-22,2371.4116
Hasilpur,2021-02-23,2371.4526
Hasilpur,2021-02-24,2371.492
Hasilpur,2021-02-25,2371.5286
Hasilpur,2021-02-26,2371.5637
Hasilpur,2021-02-27,2371.5974
Hasilpur,2021-02-28,2371.6294
Hasilpur,2021-03-01,2371.6597
Hasilpur,2021-03-02,2371.689
Hasilpur,2021-03-03,2371.7168
Hasilpur,2021-03-04,2371.7427
Hasilpur,2021-03-05,2371.768
Hasilpur,2021-03-06,2371.792
Hasilpur,2021-03-07,2371.815
Hasilpur,2021-03-08,2371.8364
Hasilpur,2021-03-09,2371.8574
Hasilpur,2021-03-10,2371.877
Hasilpur,2021-03-11,2371.8958
Hasilpur,2021-03-12,2371.9136
Hasilpur,2021-03-13,2371.9304
Hasilpur,2021-03-14,2371.9468
Hasilpur,2021-03-15,2371.962
Hasilpur,2021-03-16,2371.9766
Hasilpur,2021-03-17,2371.991
Hasilpur,2021-03-18,2372.0046
Hasilpur,2021-03-19,2372.017
Hasilpur,2021-03-20,2372.0293
Hasilpur,2021-03-21,2372.0408
Hasilpur,2021-03-22,2372.0518
Hasilpur,2021-03-23,2372.0623
Hasilpur,2021-03-24,2372.0725
Hasilpur,2021-03-25,2372.0818
Hasilpur,2021-03-26,2372.091
Hasilpur,2021-03-27,2372.0996
Hasilpur,2021-03-28,2372.1077
Hasilpur,2021-03-29,2372.1155
Hasilpur,2021-03-30,2372.1228
Faqirwali,2021-01-01,2221.1309
Faqirwali,2021-01-02,2240.2583
Faqirwali,2021-01-03,2248.0916
Faqirwali,2021-01-04,2255.2888
Faqirwali,2021-01-05,2262.8025
Faqirwali,2021-01-06,2270.765
Faqirwali,2021-01-07,2276.3208
Faqirwali,2021-01-08,2283.3809
Faqirwali,2021-01-09,2290.708
Faqirwali,2021-01-10,2297.0007
Faqirwali,2021-01-11,2303.0981
Faqirwali,2021-01-12,2309.028
Faqirwali,2021-01-13,2314.752
Faqirwali,2021-01-14,2320.2249
Faqirwali,2021-01-15,2325.6045
Faqirwali,2021-01-16,2330.768
Faqirwali,2021-01-17,2335.6887
Faqirwali,2021-01-18,2340.431
Faqirwali,2021-01-19,2344.9973
Faqirwali,2021-01-20,2349.3894
Faqirwali,2021-01-21,2353.6108
Faqirwali,2021-01-22,2357.6711
Faqirwali,2021-01-23,2361.567
Faqirwali,2021-01-24,2365.3052
Faqirwali,2021-01-25,2368.8948
Faqirwali,2021-01-26,2372.3398
Faqirwali,2021-01-27,2375.6448
Faqirwali,2021-01-28,2378.8145
Faqirwali,2021-01-29,2381.8535
Faqirwali,2021-01-30,2384.7668
Faqirwali,2021-01-31,2387.558
Faqirwali,2021-02-01,2390.233
Faqirwali,2021-02-02,2392.7957
Faqirwali,2021-02-03,2395.2498
Faqirwali,2021-02-04,2397.5994
Faqirwali,2021-02-05,2399.8489
Faqirwali,2021-02-06,2402.002
Faqirwali,2021-02-07,2404.063
Faqirwali,2021-02-08,2406.035
Faqirwali,2021-02-09,2407.9214
Faqirwali,2021-02-10,2409.726
Faqirwali,2021-02-11,2411.4512
Faqirwali,2021-02-12,2413.1013
Faqirwali,2021-02-13,2414.6794
Faqirwali,2021-02-14,2416.1875
Faqirwali,2021-02-15,2417.6294
Faqirwali,2021-02-16,2419.0076
Faqirwali,2021-02-17,2420.3242
Faqirwali,2021-02-18,2421.5825
Faqirwali,2021-02-19,2422.785
Faqirwali,2021-02-20,2423.9338
Faqirwali,2021-02-21,2425.0312
Faqirwali,2021-02-22,2426.0789
Faqirwali,2021-02-23,2427.0803
Faqirwali,2021-02-24,2428.036
Faqirwali,2021-02-25,2428.9487
Faqirwali,2021-02-26,2429.8208
Faqirwali,2021-02-27,2430.6533
Faqirwali,2021-02-28,2431.4478
Faqirwali,2021-03-01,2432.2065
Faqirwali,2021-03-02,2432.9304
Faqirwali,2021-03-03,2433.6216
Faqirwali,2021-03-04,2434.2812
Faqirwali,2021-03-05,2434.9111
Faqirwali,2021-03-06,2435.5122
Faqirwali,2021-03-07,2436.0862
Faqirwali,2021-03-08,2436.6328
Faqirwali,2021-03-09,2437.1555
Faqirwali,2021-03-10,2437.6538
Faqirwali,2021-03-11,2438.1294
Faqirwali,2021-03-12,2438.5833
Faqirwali,2021-03-13,2439.0156
Faqirwali,2021-03-14,2439.4287
Faqirwali,2021-03-15,2439.8228
Faqirwali,2021-03-16,2440.1987
Faqirwali,2021-03-17,2440.5571
Faqirwali,2021-03-18,2440.8994
Faqirwali,2021-03-19,2441.2253
Faqirwali,2021-03-20,2441.5364
Faqirwali,2021-03-21,2441.8335
Faqirwali,2021-03-22,2442.1167
Faqirwali,2021-03-23,2442.3867
Faqirwali,2021-03-24,2442.6448
Faqirwali,2021-03-25,2442.8901
Faqirwali,2021-03-26,2443.1245
Faqirwali,2021-03-27,2443.3477
Faqirwali,2021-03-28,2443.5608
Faqirwali,2021-03-29,2443.7644
Faqirwali,2021-03-30,2443.9578
Faqirwali,2021-03-31,2444.143
Faqirwali,2021-04-01,2444.3193
Faqirwali,2021-04-02,2444.487
Faqirwali,2021-04-03,2444.6472
Faqirwali,2021-04-04,2444.8003
Faqirwali,2021-04-05,2444.9465
Faqirwali,2021-04-06,2445.0852
Faqirwali,2021-04-07,2445.218
Faqirwali,2021-04-08,2445.3445
Faqirwali,2021-04-09,2445.4644
Faqirwali,2021-04-10,2445.5796
Faqirwali,2021-04-11,2445.6892
Faqirwali,2021-04-12,2445.7935
Faqirwali,2021-04-13,2445.8933
Faqirwali,2021-04-14,2445.9883
Faqirwali,2021-04-15,2446.0786
Faqirwali,2021-04-16,2446.165
Faqirwali,2021-04-17,2446.2473
Faqirwali,2021-04-18,2446.3262
Faqirwali,2021-04-19,2446.401
Faqirwali,2021-04-20,2446.472
Faqirwali,2021-04-21,2446.54
Faqirwali,2021-04-22,2446.6052
Faqirwali,2021-04-23,2446.667
Faqirwali,2021-04-24,2446.7258
Faqirwali,2021-04-25,2446.782
Faqirwali,2021-04-26,2446.836
Faqirwali,2021-04-27,2446.8867
Faqirwali,2021-04-28,2446.9355
Faqirwali,2021-04-29,2446.9824
Faqirwali,2021-04-30,2447.0264
Faqirwali,2021-05-01,2447.0686
Faqirwali,2021-05-02,2447.1091
Faqirwali,2021-05-03,2447.1475
Faqirwali,2021-05-04,2447.1838
Faqirwali,2021-05-05,2447.2185
Faqirwali,2021-05-06,2447.2522
Faqirwali,2021-05-07,2447.2837
Faqirwali,2021-05-08,2447.3137
Faqirwali,2021-05-09,2447.3428
Faqirwali,2021-05-10,2447.3704
Faqirwali,2021-05-11,2447.3965
Faqirwali,2021-05-12,2447.4214
Faqirwali,2021-05-13,2447.445
Faqirwali,2021-05-14,2447.468
Faqirwali,2021-05-15,2447.4895
Faqirwali,2021-05-16,2447.5103
Faqirwali,2021-05-17,2447.5303
Faqirwali,2021-05-18,2447.5488
Faqirwali,2021-05-19,2447.5667
Faqirwali,2021-05-20,2447.5837
Faqirwali,2021-05-21,2447.5999
Faqirwali,2021-05-22,2447.6155
Faqirwali,2021-05-23,2447.63
Faqirwali,2021-05-24,2447.644
Faqirwali,2021-05-25,2447.6577
Faqirwali,2021-05-26,2447.6702
Faqirwali,2021-05-27,2447.6829
Faqirwali,2021-05-28,2447.694
Faqirwali,2021-05-29,2447.7056
Faqirwali,2021-05-30,2447.716
Faqirwali,2021-05-31,2447.7263
Faqirwali,2021-06-01,2447.7356
Faqirwali,2021-06-02,2447.7446
Faqirwali,2021-06-03,2447.754
Faqirwali,2021-06-04,2447.762
Faqirwali,2021-06-05,2447.77
Faqirwali,2021-06-06,2447.7776
Faqirwali,2021-06-07,2447.7844
Faqirwali,2021-06-08,2447.7915
Faqirwali,2021-06-09,2447.7979
Faqirwali,2021-06-10,2447.8044
Faqirwali,2021-06-11,2447.8105
Faqirwali,2021-06-12,2447.8157
Faqirwali,2021-06-13,2447.8213
Faqirwali,2021-06-14,2447.8264
Faqirwali,2021-06-15,2447.831
Faqirwali,2021-06-16,2447.8362
Faqirwali,2021-06-17,2447.8403
Faqirwali,2021-06-18,2447.845
Faqirwali,2021-06-19,2447.8489
Faqirwali,2021-06-20,2447.8528
Faqirwali,2021-06-21,2447.8562
Faqirwali,2021-06-22,2447.8599
Faqirwali,2021-06-23,2447.8633
Faqirwali,2021-06-24,2447.8665
Faqirwali,2021-06-25,2447.8691
Faqirwali,2021-06-26,2447.8723
Faqirwali,2021-06-27,2447.8752
Faqirwali,2021-06-28,2447.878
Faqirwali,2021-06-29,2447.8804
Haroonabad,2021-01-01,2134.4421
Haroonabad,2021-01-02,2128.9187
Haroonabad,2021-01-03,2122.694
Haroonabad,2021-01-04,2111.8547
Haroonabad,2021-01-05,2101.951
Haroonabad,2021-01-06,2091.9512
Haroonabad,2021-01-07,2081.9438
Haroonabad,2021-01-08,2071.793
Haroonabad,2021-01-09,2062.9622
Haroonabad,2021-01-10,2054.185
Haroonabad,2021-01-11,2045.5049
Haroonabad,2021-01-12,2037.0685
Haroonabad,2021-01-13,2028.8523
Haroonabad,2021-01-14,2020.8582
Haroonabad,2021-01-15,2013.0839
Haroonabad,2021-01-16,2005.5297
Haroonabad,2021-01-17,1998.1573
Haroonabad,2021-01-18,1990.9667
Haroonabad,2021-01-19,1983.9552
Haroonabad,2021-01-20,1977.1158
Haroonabad,2021-01-21,1970.4429
Haroonabad,2021-01-22,1963.9288
Haroonabad,2021-01-23,1957.568
Haroonabad,2021-01-24,1951.3547
Haroonabad,2021-01-25,1945.2837
Haroonabad,2021-01-26,1939.3502
Haroonabad,2021-01-27,1933.5494
Haroonabad,2021-01-28,1927.8766
Haroonabad,2021-01-29,1922.3278
Haroonabad,2021-01-30,1916.8986
Haroonabad,2021-01-31,1911.5851
Haroonabad,2021-02-01,1906.3835
Haroonabad,2021-02-02,1901.2906
Haroonabad,2021-02-03,1896.3025
Haroonabad,2021-02-04,1891.416
Haroonabad,2021-02-05,1886.6282
Haroonabad,2021-02-06,1881.9357
Haroonabad,2021-02-07,1877.3362
Haroonabad,2021-02-08,1872.8264
Haroonabad,2021-02-09,1868.4037
Haroonabad,2021-02-10,1864.0662
Haroonabad,2021-02-11,1859.8105
Haroonabad,2021-02-12,1855.635
Haroonabad,2021-02-13,1851.5371
Haroonabad,2021-02-14,1847.5146
Haroonabad,2021-02-15,1843.5658
Haroonabad,2021-02-16,1839.688
Haroonabad,2021-02-17,1835.8802
Haroonabad,2021-02-18,1832.1398
Haroonabad,2021-02-19,1828.4653
Haroonabad,2021-02-20,1824.855
Haroonabad,2021-02-21,1821.3071
Haroonabad,2021-02-22,1817.8203
Haroonabad,2021-02-23,1814.3926
Haroonabad,2021-02-24,1811.023
Haroonabad,2021-02-25,1807.7095
Haroonabad,2021-02-26,1804.4512
Haroonabad,2021-02-27,1801.2465
Haroonabad,2021-02-28,1798.0942
Haroonabad,2021-03-01,1794.9932
Haroonabad,2021-03-02,1791.942
Haroonabad,2021-03-03,1788.9397
Haroonabad,2021-03-04,1785.9849
Haroonabad,2021-03-05,1783.0765
Haroonabad,2021-03-06,1780.2137
Haroonabad,2021-03-07,1777.395
Haroonabad,2021-03-08,1774.62
Haroonabad,2021-03-09,1771.8875
Haroonabad,2021-03-10,1769.1963
Haroonabad,2021-03-11,1766.5459
Haroonabad,2021-03-12,1763.9349
Haroonabad,2021-03-13,1761.3629
Haroonabad,2021-03-14,1758.8292
Haroonabad,2021-03-15,1756.3325
Haroonabad,2021-03-16,1753.8723
Haroonabad,2021-03-17,1751.4474
Haroonabad,2021-03-18,1749.0579
Haroonabad,2021-03-19,1746.7025
Haroonabad,2021-03-20,1744.3804
Haroonabad,2021-03-21,1742.0916
Haroonabad,2021-03-22,1739.8345
Haroonabad,2021-03-23,1737.6091
Haroonabad,2021-03-24,1735.4148
Haroonabad,2021-03-25,1733.2506
Haroonabad,2021-03-26,1731.1162
Haroonabad,2021-03-27,1729.0109
Haroonabad,2021-03-28,1726.9342
Haroonabad,2021-03-29,1724.8856
Haroonabad,2021-03-30,1722.8643
Haroonabad,2021-03-31,1720.8701
Haroonabad,2021-04-01,1718.9026
Haroonabad,2021-04-02,1716.9609
Haroonabad,2021-04-03,1715.0447
Haroonabad,2021-04-04,1713.1536
Haroonabad,2021-04-05,1711.2867
Haroonabad,2021-04-06,1709.4445
Haroonabad,2021-04-07,1707.6257
Haroonabad,2021-04-08,1705.8306
Haroonabad,2021-04-09,1704.0579
Haroonabad,2021-04-10,1702.308
Haroonabad,2021-04-11,1700.5797
Haroonabad,2021-04-12,1698.8735
Haroonabad,2021-04-13,1697.1887
Haroonabad,2021-04-14,1695.5247
Haroonabad,2021-04-15,1693.8813
Haroonabad,2021-04-16,1692.2582
Haroonabad,2021-04-17,1690.6549
Haroonabad,2021-04-18,1689.0713
Haroonabad,2021-04-19,1687.507
Haroonabad,2021-04-20,1685.9614
Haroonabad,2021-04-21,1684.4347
Haroonabad,2021-04-22,1682.9261
Haroonabad,2021-04-23,1681.4357
Haroonabad,2021-04-24,1679.9629
Haroonabad,2021-04-25,1678.5077
Haroonabad,2021-04-26,1677.0696
Haroonabad,2021-04-27,1675.6482
Haroonabad,2021-04-28,1674.2437
Haroonabad,2021-04-29,1672.8553
Haroonabad,2021-04-30,1671.4834
Haroonabad,2021-05-01,1670.1271
Haroonabad,2021-05-02,1668.7863
Haroonabad,2021-05-03,1667.4612
Haroonabad,2021-05-04,1666.1511
Haroonabad,2021-05-05,1664.8558
Haroonabad,2021-05-06,1663.5753
Haroonabad,2021-05-07,1662.3092
Haroonabad,2021-05-08,1661.0574
Haroonabad,2021-05-09,1659.8196
Haroonabad,2021-05-10,1658.5957
Haroonabad,2021-05-11,1657.3854
Haroonabad,2021-05-12,1656.1884
Haroonabad,2021-05-13,1655.0048
Haroonabad,2021-05-14,1653.8341
Haroonabad,2021-05-15,1652.6763
Haroonabad,2021-05-16,1651.5312
Haroonabad,2021-05-17,1650.3987
Haroonabad,2021-05-18,1649.2782
Haroonabad,2021-05-19,1648.1702
Haroonabad,2021-05-20,1647.0739
Haroonabad,2021-05-21,1645.9894
Haroonabad,2021-05-22,1644.9164
Haroonabad,2021-05-23,1643.8551
Haroonabad,2021-05-24,1642.805
Haroonabad,2021-05-25,1641.7662
Haroonabad,2021-05-26,1640.7384
Haroonabad,2021-05-27,1639.7213
Haroonabad,2021-05-28,1638.7148
Haroonabad,2021-05-29,1637.719
Haroonabad,2021-05-30,1636.7338
Haroonabad,2021-05-31,1635.7588
Haroonabad,2021-06-01,1634.7936
Haroonabad,2021-06-02,1633.8387
Haroonabad,2021-06-03,1632.8936
Haroonabad,2021-06-04,1631.9581
Haroonabad,2021-06-05,1631.0325
Haroonabad,2021-06-06,1630.1162
Haroonabad,2021-06-07,1629.2092
Haroonabad,2021-06-08,1628.3115
Haroonabad,2021-06-09,1627.4231
Haroonabad,2021-06-10,1626.5435
Haroonabad,2021-06-11,1625.6729
Haroonabad,2021-06-12,1624.8109
Haroonabad,2021-06-13,1623.9576
Haroonabad,2021-06-14,1623.113
Haroonabad,2021-06-15,1622.2767
Haroonabad,2021-06-16,1621.4489
Haroonabad,2021-06-17,1620.629
Haroonabad,2021-06-18,1619.8176
Haroonabad,2021-06-19,1619.0142
Haroonabad,2021-06-20,1618.2185
Haroonabad,2021-06-21,1617.4308
Haroonabad,2021-06-22,1616.6508
Haroonabad,2021-06-23,1615.8785
Haroonabad,2021-06-24,1615.1136
Haroonabad,2021-06-25,1614.3563
Haroonabad,2021-06-26,1613.6064
Haroonabad,2021-06-27,1612.8636
Haroonabad,2021-06-28,1612.128
Haroonabad,2021-06-29,1611.3997
Bahawalnagar,2020-06-30,1858.9073
Bahawalnagar,2020-07-01,1862.3508
Bahawalnagar,2020-07-02,1865.3303
Bahawalnagar,2020-07-03,1867.8223
Bahawalnagar,2020-07-04,1870.2439
Bahawalnagar,2020-07-05,1873.0492
Bahawalnagar,2020-07-06,1876.3901
Bahawalnagar,2020-07-07,1879.876
Bahawalnagar,2020-07-08,1882.7877
Bahawalnagar,2020-07-09,1885.6571
Bahawalnagar,2020-07-10,1888.5038
Bahawalnagar,2020-07-11,1891.3467
Bahawalnagar,2020-07-12,1894.1837
Bahawalnagar,2020-07-13,1896.9924
Bahawalnagar,2020-07-14,1899.7446
Bahawalnagar,2020-07-15,1902.433
Bahawalnagar,2020-07-16,1905.0845
Bahawalnagar,2020-07-17,1907.6985
Bahawalnagar,2020-07-18,1910.2742
Bahawalnagar,2020-07-19,1912.809
Bahawalnagar,2020-07-20,1915.3019
Bahawalnagar,2020-07-21,1917.7521
Bahawalnagar,2020-07-22,1920.1606
Bahawalnagar,2020-07-23,1922.5288
Bahawalnagar,2020-07-24,1924.8568
Bahawalnagar,2020-07-25,1927.1443
Bahawalnagar,2020-07-26,1929.3911
Bahawalnagar,2020-07-27,1931.5977
Bahawalnagar,2020-07-28,1933.7646
Bahawalnagar,2020-07-29,1935.8917
Bahawalnagar,2020-07-30,1937.9799
Bahawalnagar,2020-07-31,1940.0288
Bahawalnagar,2020-08-01,1942.0391
Bahawalnagar,2020-08-02,1944.0114
Bahawalnagar,2020-08-03,1945.9456
Bahawalnagar,2020-08-04,1947.842
Bahawalnagar,2020-08-05,1949.7013
Bahawalnagar,2020-08-06,1951.5236
Bahawalnagar,2020-08-07,1953.3094
Bahawalnagar,2020-08-08,1955.0594
Bahawalnagar,2020-08-09,1956.7738
Bahawalnagar,2020-08-10,1958.453
Bahawalnagar,2020-08-11,1960.0975
Bahawalnagar,2020-08-12,1961.7076
Bahawalnagar,2020-08-13,1963.284
Bahawalnagar,2020-08-14,1964.8271
Bahawalnagar,2020-08-15,1966.3374
Bahawalnagar,2020-08-16,1967.8151
Bahawalnagar,2020-08-17,1969.2607
Bahawalnagar,2020-08-18,1970.675
Bahawalnagar,2020-08-19,1972.0583
Bahawalnagar,2020-08-20,1973.4114
Bahawalnagar,2020-08-21,1974.7339
Bahawalnagar,2020-08-22,1976.0273
Bahawalnagar,2020-08-23,1977.2915
Bahawalnagar,2020-08-24,1978.5271
Bahawalnagar,2020-08-25,1979.7349
Bahawalnagar,2020-08-26,1980.915
Bahawalnagar,2020-08-27,1982.0679
Bahawalnagar,2020-08-28,1983.1942
Bahawalnagar,2020-08-29,1984.2946
Bahawalnagar,2020-08-30,1985.3688
Bahawalnagar,2020-08-31,1986.4182
Bahawalnagar,2020-09-01,1987.4427
Bahawalnagar,2020-09-02,1988.4434
Bahawalnagar,2020-09-03,1989.4199
Bahawalnagar,2020-09-04,1990.3733
Bahawalnagar,2020-09-05,1991.304
Bahawalnagar,2020-09-06,1992.2119
Bahawalnagar,2020-09-07,1993.098
Bahawalnagar,2020-09-08,1993.9629
Bahawalnagar,2020-09-09,1994.8065
Bahawalnagar,2020-09-10,1995.6295
Bahawalnagar,2020-09-11,1996.4325
Bahawalnagar,2020-09-12,1997.2155
Bahawalnagar,2020-09-13,1997.9794
Bahawalnagar,2020-09-14,1998.7244
Bahawalnagar,2020-09-15,1999.4503
Bahawalnagar,2020-09-16,2000.1587
Bahawalnagar,2020-09-17,2000.8495
Bahawalnagar,2020-09-18,2001.5226
Bahawalnagar,2020-09-19,2002.179
Bahawalnagar,2020-09-20,2002.8187
Bahawalnagar,2020-09-21,2003.4421
Bahawalnagar,2020-09-22,2004.0503
Bahawalnagar,2020-09-23,2004.6425
Bahawalnagar,2020-09-24,2005.2196
Bahawalnagar,2020-09-25,2005.7823
Bahawalnagar,2020-09-26,2006.3301
Bahawalnagar,2020-09-27,2006.8641
Bahawalnagar,2020-09-28,2007.3845
Bahawalnagar,2020-09-29,2007.8915
Bahawalnagar,2020-09-30,2008.3851
Bahawalnagar,2020-10-01,2008.8661
Bahawalnagar,2020-10-02,2009.3346
Bahawalnagar,2020-10-03,2009.7908
Bahawalnagar,2020-10-04,2010.2356
Bahawalnagar,2020-10-05,2010.6682
Bahawalnagar,2020-10-06,2011.0897
Bahawalnagar,2020-10-07,2011.5001
Bahawalnagar,2020-10-08,2011.8999
Bahawalnagar,2020-10-09,2012.2891
Bahawalnagar,2020-10-10,2012.6682
Bahawalnagar,2020-10-11,2013.0371
Bahawalnagar,2020-10-12,2013.3965
Bahawalnagar,2020-10-13,2013.7462
Bahawalnagar,2020-10-14,2014.0865
Bahawalnagar,2020-10-15,2014.4178
Bahawalnagar,2020-10-16,2014.7404
Bahawalnagar,2020-10-17,2015.0547
Bahawalnagar,2020-10-18,2015.3605
Bahawalnagar,2020-10-19,2015.6578
Bahawalnagar,2020-10-20,2015.9474
Bahawalnagar,2020-10-21,2016.2296
Bahawalnagar,2020-10-22,2016.5037
Bahawalnagar,2020-10-23,2016.7708
Bahawalnagar,2020-10-24,2017.0308
Bahawalnagar,2020-10-25,2017.2834
Bahawalnagar,2020-10-26,2017.5297
Bahawalnagar,2020-10-27,2017.7688
Bahawalnagar,2020-10-28,2018.002
Bahawalnagar,2020-10-29,2018.2288
Bahawalnagar,2020-10-30,2018.4495
Bahawalnagar,2020-10-31,2018.6638
Bahawalnagar,2020-11-01,2018.8732
Bahawalnagar,2020-11-02,2019.0762
Bahawalnagar,2020-11-03,2019.2738
Bahawalnagar,2020-11-04,2019.4661
Bahawalnagar,2020-11-05,2019.6533
Bahawalnagar,2020-11-06,2019.8353
Bahawalnagar,2020-11-07,2020.0123
Bahawalnagar,2020-11-08,2020.1847
Bahawalnagar,2020-11-09,2020.3524
Bahawalnagar,2020-11-10,2020.5154
Bahawalnagar,2020-11-11,2020.674
Bahawalnagar,2020-11-12,2020.8282
Bahawalnagar,2020-11-13,2020.9785
Bahawalnagar,2020-11-14,2021.1243
Bahawalnagar,2020-11-15,2021.2664
Bahawalnagar,2020-11-16,2021.4047
Bahawalnagar,2020-11-17,2021.539
Bahawalnagar,2020-11-18,2021.6698
Bahawalnagar,2020-11-19,2021.7968
Bahawalnagar,2020-11-20,2021.9204
Bahawalnagar,2020-11-21,2022.0405
Bahawalnagar,2020-11-22,2022.1577
Bahawalnagar,2020-11-23,2022.2711
Bahawalnagar,2020-11-24,2022.3818
Bahawalnagar,2020-11-25,2022.4895
Bahawalnagar,2020-11-26,2022.5942
Bahawalnagar,2020-11-27,2022.6959
Bahawalnagar,2020-11-28,2022.7952
Bahawalnagar,2020-11-29,2022.8909
Bahawalnagar,2020-11-30,2022.9847
Bahawalnagar,2020-12-01,2023.0759
Bahawalnagar,2020-12-02,2023.1643
Bahawalnagar,2020-12-03,2023.2502
Bahawalnagar,2020-12-04,2023.3341
Bahawalnagar,2020-12-05,2023.4154
Bahawalnagar,2020-12-06,2023.4948
Bahawalnagar,2020-12-07,2023.5714
Bahawalnagar,2020-12-08,2023.6465
Bahawalnagar,2020-12-09,2023.7194
Bahawalnagar,2020-12-10,2023.7904
Bahawalnagar,2020-12-11,2023.8593
Bahawalnagar,2020-12-12,2023.9258
Bahawalnagar,2020-12-13,2023.991
Bahawalnagar,2020-12-14,2024.0543
Bahawalnagar,2020-12-15,2024.1157
Bahawalnagar,2020-12-16,2024.1757
Bahawalnagar,2020-12-17,2024.234
Bahawalnagar,2020-12-18,2024.2906
Bahawalnagar,2020-12-19,2024.3458
Bahawalnagar,2020-12-20,2024.3988
Bahawalnagar,2020-12-21,2024.451
Bahawalnagar,2020-12-22,2024.5015
Bahawalnagar,2020-12-23,2024.5507
Bahawalnagar,2020-12-24,2024.5986
Bahawalnagar,2020-12-25,2024.6453
Bahawalnagar,2020-12-26,2024.6902
Bahawalpur,2020-07-11,1839.7463
Bahawalpur,2020-07-12,1841.6652
Bahawalpur,2020-07-13,1843.4855
Bahawalpur,2020-07-14,1845.218
Bahawalpur,2020-07-15,1846.6516
Bahawalpur,2020-07-16,1848.3744
Bahawalpur,2020-07-17,1850.1143
Bahawalpur,2020-07-18,1851.84
Bahawalpur,2020-07-19,1853.4252
Bahawalpur,2020-07-20,1854.9788
Bahawalpur,2020-07-21,1856.5012
Bahawalpur,2020-07-22,1857.9911
Bahawalpur,2020-07-23,1859.4501
Bahawalpur,2020-07-24,1860.8717
Bahawalpur,2020-07-25,1862.2562
Bahawalpur,2020-07-26,1863.6053
Bahawalpur,2020-07-27,1864.9214
Bahawalpur,2020-07-28,1866.2048
Bahawalpur,2020-07-29,1867.4563
Bahawalpur,2020-07-30,1868.6757
Bahawalpur,2020-07-31,1869.8641
Bahawalpur,2020-08-01,1871.022
Bahawalpur,2020-08-02,1872.1505
Bahawalpur,2020-08-03,1873.25
Bahawalpur,2020-08-04,1874.3208
Bahawalpur,2020-08-05,1875.3639
Bahawalpur,2020-08-06,1876.3799
Bahawalpur,2020-08-07,1877.3693
Bahawalpur,2020-08-08,1878.3326
Bahawalpur,2020-08-09,1879.2706
Bahawalpur,2020-08-10,1880.1838
Bahawalpur,2020-08-11,1881.0728
Bahawalpur,2020-08-12,1881.9381
Bahawalpur,2020-08-13,1882.7804
Bahawalpur,2020-08-14,1883.6002
Bahawalpur,2020-08-15,1884.3978
Bahawalpur,2020-08-16,1885.1738
Bahawalpur,2020-08-17,1885.9291
Bahawalpur,2020-08-18,1886.6641
Bahawalpur,2020-08-19,1887.3789
Bahawalpur,2020-08-20,1888.0743
Bahawalpur,2020-08-21,1888.7507
Bahawalpur,2020-08-22,1889.4084
Bahawalpur,2020-08-23,1890.0483
Bahawalpur,2020-08-24,1890.6705
Bahawalpur,2020-08-25,1891.2755
Bahawalpur,2020-08-26,1891.8641
Bahawalpur,2020-08-27,1892.4363
Bahawalpur,2020-08-28,1892.9924
Bahawalpur,2020-08-29,1893.5336
Bahawalpur,2020-08-30,1894.0591
Bahawalpur,2020-08-31,1894.5703
Bahawalpur,2020-09-01,1895.067
Bahawalpur,2020-09-02,1895.5502
Bahawalpur,2020-09-03,1896.0194
Bahawalpur,2020-09-04,1896.4758
Bahawalpur,2020-09-05,1896.9192
Bahawalpur,2020-09-06,1897.3501
Bahawalpur,2020-09-07,1897.769
Bahawalpur,2020-09-08,1898.1758
Bahawalpur,2020-09-09,1898.5713
Bahawalpur,2020-09-10,1898.9556
Bahawalpur,2020-09-11,1899.3287
Bahawalpur,2020-09-12,1899.6915
Bahawalpur,2020-09-13,1900.0442
Bahawalpur,2020-09-14,1900.3865
Bahawalpur,2020-09-15,1900.7189
Bahawalpur,2020-09-16,1901.0422
Bahawalpur,2020-09-17,1901.3563
Bahawalpur,2020-09-18,1901.661
Bahawalpur,2020-09-19,1901.957
Bahawalpur,2020-09-20,1902.2449
Bahawalpur,2020-09-21,1902.5242
Bahawalpur,2020-09-22,1902.7959
Bahawalpur,2020-09-23,1903.0594
Bahawalpur,2020-09-24,1903.3154
Bahawalpur,2020-09-25,1903.5642
Bahawalpur,2020-09-26,1903.8057
Bahawalpur,2020-09-27,1904.04
Bahawalpur,2020-09-28,1904.2681
Bahawalpur,2020-09-29,1904.4891
Bahawalpur,2020-09-30,1904.704
Bahawalpur,2020-10-01,1904.9126
Bahawalpur,2020-10-02,1905.115
Bahawalpur,2020-10-03,1905.3115
Bahawalpur,2020-10-04,1905.5027
Bahawalpur,2020-10-05,1905.6881
Bahawalpur,2020-10-06,1905.868
Bahawalpur,2020-10-07,1906.0427
Bahawalpur,2020-10-08,1906.2126
Bahawalpur,2020-10-09,1906.3774
Bahawalpur,2020-10-10,1906.5374
Bahawalpur,2020-10-11,1906.6927
Bahawalpur,2020-10-12,1906.8438
Bahawalpur,2020-10-13,1906.9899
Bahawalpur,2020-10-14,1907.132
Bahawalpur,2020-10-15,1907.2701
Bahawalpur,2020-10-16,1907.404
Bahawalpur,2020-10-17,1907.5342
Bahawalpur,2020-10-18,1907.6604
Bahawalpur,2020-10-19,1907.7828
Bahawalpur,2020-10-20,1907.902
Bahawalpur,2020-10-21,1908.0175
Bahawalpur,2020-10-22,1908.1294
Bahawalpur,2020-10-23,1908.2383
Bahawalpur,2020-10-24,1908.3439
Bahawalpur,2020-10-25,1908.4464
Bahawalpur,2020-10-26,1908.546
Bahawalpur,2020-10-27,1908.6426
Bahawalpur,2020-10-28,1908.7363
Bahawalpur,2020-10-29,1908.8275
Bahawalpur,2020-10-30,1908.9159
Bahawalpur,2020-10-31,1909.0016
Bahawalpur,2020-11-01,1909.0848
Bahawalpur,2020-11-02,1909.1656
Bahawalpur,2020-11-03,1909.2441
Bahawalpur,2020-11-04,1909.3203
Bahawalpur,2020-11-05,1909.394
Bahawalpur,2020-11-06,1909.4658
Bahawalpur,2020-11-07,1909.5354
Bahawalpur,2020-11-08,1909.6029
Bahawalpur,2020-11-09,1909.6687
Bahawalpur,2020-11-10,1909.7323
Bahawalpur,2020-11-11,1909.7941
Bahawalpur,2020-11-12,1909.8539
Bahawalpur,2020-11-13,1909.9122
Bahawalpur,2020-11-14,1909.9688
Bahawalpur,2020-11-15,1910.0236
Bahawalpur,2020-11-16,1910.0765
Bahawalpur,2020-11-17,1910.1283
Bahawalpur,2020-11-18,1910.1785
Bahawalpur,2020-11-19,1910.2269
Bahawalpur,2020-11-20,1910.2743
Bahawalpur,2020-11-21,1910.32
Bahawalpur,2020-11-22,1910.3645
Bahawalpur,2020-11-23,1910.4075
Bahawalpur,2020-11-24,1910.4497
Bahawalpur,2020-11-25,1910.4902
Bahawalpur,2020-11-26,1910.5297
Bahawalpur,2020-11-27,1910.5677
Bahawalpur,2020-11-28,1910.6049
Bahawalpur,2020-11-29,1910.641
Bahawalpur,2020-11-30,1910.6759
Bahawalpur,2020-12-01,1910.71
Bahawalpur,2020-12-02,1910.7428
Bahawalpur,2020-12-03,1910.7749
Bahawalpur,2020-12-04,1910.806
Bahawalpur,2020-12-05,1910.836
Bahawalpur,2020-12-06,1910.8651
Bahawalpur,2020-12-07,1910.8934
Bahawalpur,2020-12-08,1910.921
Bahawalpur,2020-12-09,1910.9478
Bahawalpur,2020-12-10,1910.9736
Bahawalpur,2020-12-11,1910.999
Bahawalpur,2020-12-12,1911.0234
Bahawalpur,2020-12-13,1911.0469
Bahawalpur,2020-12-14,1911.0701
Bahawalpur,2020-12-15,1911.0924
Bahawalpur,2020-12-16,1911.114
Bahawalpur,2020-12-17,1911.1349
Bahawalpur,2020-12-18,1911.155
Bahawalpur,2020-12-19,1911.175
Bahawalpur,2020-12-20,1911.1943
Bahawalpur,2020-12-21,1911.2129
Bahawalpur,2020-12-22,1911.231
Bahawalpur,2020-12-23,1911.2483
Bahawalpur,2020-12-24,1911.2654
Bahawalpur,2020-12-25,1911.282
Bahawalpur,2020-12-26,1911.2981
Bahawalpur,2020-12-27,1911.3135
Bahawalpur,2020-12-28,1911.3286
Bahawalpur,2020-12-29,1911.3434
Bahawalpur,2020-12-30,1911.3577
Bahawalpur,2020-12-31,1911.3713
Bahawalpur,2021-01-01,1911.3848
Bahawalpur,2021-01-02,1911.3976
Bahawalpur,2021-01-03,1911.4102
Bahawalpur,2021-01-04,1911.4222
Bahawalpur,2021-01-05,1911.4343
Bahawalpur,2021-01-06,1911.4457
Nawab Shah,2020-07-16,1613.6893
Nawab Shah,2020-07-17,1615.1005
Nawab Shah,2020-07-18,1616.736
Nawab Shah,2020-07-19,1618.2133
Nawab Shah,2020-07-20,1620.4939
Nawab Shah,2020-07-21,1622.5039
Nawab Shah,2020-07-22,1624.6035
Nawab Shah,2020-07-23,1627.1034
Nawab Shah,2020-07-24,1629.0105
Nawab Shah,2020-07-25,1630.982
Nawab Shah,2020-07-26,1632.992
Nawab Shah,2020-07-27,1635.0432
Nawab Shah,2020-07-28,1637.0621
Nawab Shah,2020-07-29,1639.0714
Nawab Shah,2020-07-30,1641.0626
Nawab Shah,2020-07-31,1643.0017
Nawab Shah,2020-08-01,1644.9388
Nawab Shah,2020-08-02,1646.8658
Nawab Shah,2020-08-03,1648.7769
Nawab Shah,2020-08-04,1650.6666
Nawab Shah,2020-08-05,1652.5369
Nawab Shah,2020-08-06,1654.3864
Nawab Shah,2020-08-07,1656.2158
Nawab Shah,2020-08-08,1658.027
Nawab Shah,2020-08-09,1659.8185
Nawab Shah,2020-08-10,1661.5892
Nawab Shah,2020-08-11,1663.3394
Nawab Shah,2020-08-12,1665.0682
Nawab Shah,2020-08-13,1666.7762
Nawab Shah,2020-08-14,1668.463
Nawab Shah,2020-08-15,1670.1283
Nawab Shah,2020-08-16,1671.7719
Nawab Shah,2020-08-17,1673.394
Nawab Shah,2020-08-18,1674.9939
Nawab Shah,2020-08-19,1676.5718
Nawab Shah,2020-08-20,1678.1277
Nawab Shah,2020-08-21,1679.6614
Nawab Shah,2020-08-22,1681.1727
Nawab Shah,2020-08-23,1682.6617
Nawab Shah,2020-08-24,1684.1283
Nawab Shah,2020-08-25,1685.5729
Nawab Shah,2020-08-26,1686.9948
Nawab Shah,2020-08-27,1688.3943
Nawab Shah,2020-08-28,1689.7712
Nawab Shah,2020-08-29,1691.1262
Nawab Shah,2020-08-30,1692.4592
Nawab Shah,2020-08-31,1693.7695
Nawab Shah,2020-09-01,1695.0581
Nawab Shah,2020-09-02,1696.3243
Nawab Shah,2020-09-03,1697.569
Nawab Shah,2020-09-04,1698.7915
Nawab Shah,2020-09-05,1699.9927
Nawab Shah,2020-09-06,1701.172
Nawab Shah,2020-09-07,1702.33
Nawab Shah,2020-09-08,1703.4667
Nawab Shah,2020-09-09,1704.5826
Nawab Shah,2020-09-10,1705.6775
Nawab Shah,2020-09-11,1706.7515
Nawab Shah,2020-09-12,1707.8053
Nawab Shah,2020-09-13,1708.8384
Nawab Shah,2020-09-14,1709.8517
Nawab Shah,2020-09-15,1710.8447
Nawab Shah,2020-09-16,1711.8185
Nawab Shah,2020-09-17,1712.7723
Nawab Shah,2020-09-18,1713.7072
Nawab Shah,2020-09-19,1714.6229
Nawab Shah,2020-09-20,1715.5198
Nawab Shah,2020-09-21,1716.3984
Nawab Shah,2020-09-22,1717.2585
Nawab Shah,2020-09-23,1718.1008
Nawab Shah,2020-09-24,1718.925
Nawab Shah,2020-09-25,1719.7319
Nawab Shah,2020-09-26,1720.5215
Nawab Shah,2020-09-27,1721.2938
Nawab Shah,2020-09-28,1722.0496
Nawab Shah,2020-09-29,1722.7887
Nawab Shah,2020-09-30,1723.5117
Nawab Shah,2020-10-01,1724.2186
Nawab Shah,2020-10-02,1724.9098
Nawab Shah,2020-10-03,1725.5854
Nawab Shah,2020-10-04,1726.2461
Nawab Shah,2020-10-05,1726.8916
Nawab Shah,2020-10-06,1727.5227
Nawab Shah,2020-10-07,1728.1393
Nawab Shah,2020-10-08,1728.7415
Nawab Shah,2020-10-09,1729.33
Nawab Shah,2020-10-10,1729.9049
Nawab Shah,2020-10-11,1730.4662
Nawab Shah,2020-10-12,1731.0146
Nawab Shah,2020-10-13,1731.5498
Nawab Shah,2020-10-14,1732.0725
Nawab Shah,2020-10-15,1732.5831
Nawab Shah,2020-10-16,1733.0813
Nawab Shah,2020-10-17,1733.5675
Nawab Shah,2020-10-18,1734.0422
Nawab Shah,2020-10-19,1734.5056
Nawab Shah,2020-10-20,1734.9575
Nawab Shah,2020-10-21,1735.3986
Nawab Shah,2020-10-22,1735.8289
Nawab Shah,2020-10-23,1736.249
Nawab Shah,2020-10-24,1736.6584
Nawab Shah,2020-10-25,1737.058
Nawab Shah,2020-10-26,1737.4478
Nawab Shah,2020-10-27,1737.8279
Nawab Shah,2020-10-28,1738.1984
Nawab Shah,2020-10-29,1738.5598
Nawab Shah,2020-10-30,1738.9121
Nawab Shah,2020-10-31,1739.2559
Nawab Shah,2020-11-01,1739.5907
Nawab Shah,2020-11-02,1739.9174
Nawab Shah,2020-11-03,1740.236
Nawab Shah,2020-11-04,1740.5463
Nawab Shah,2020-11-05,1740.8486
Nawab Shah,2020-11-06,1741.1434
Nawab Shah,2020-11-07,1741.4309
Nawab Shah,2020-11-08,1741.7109
Nawab Shah,2020-11-09,1741.9838
Nawab Shah,2020-11-10,1742.2496
Nawab Shah,2020-11-11,1742.5088
Nawab Shah,2020-11-12,1742.7611
Nawab Shah,2020-11-13,1743.0072
Nawab Shah,2020-11-14,1743.2467
Nawab Shah,2020-11-15,1743.4802
Nawab Shah,2020-11-16,1743.7076
Nawab Shah,2020-11-17,1743.9292
Nawab Shah,2020-11-18,1744.1449
Nawab Shah,2020-11-19,1744.355
Nawab Shah,2020-11-20,1744.5594
Nawab Shah,2020-11-21,1744.7588
Nawab Shah,2020-11-22,1744.953
Nawab Shah,2020-11-23,1745.1423
Nawab Shah,2020-11-24,1745.3263
Nawab Shah,2020-11-25,1745.5056
Nawab Shah,2020-11-26,1745.6802
Nawab Shah,2020-11-27,1745.8501
Nawab Shah,2020-11-28,1746.0156
Nawab Shah,2020-11-29,1746.1768
Nawab Shah,2020-11-30,1746.3336
Nawab Shah,2020-12-01,1746.4865
Nawab Shah,2020-12-02,1746.6353
Nawab Shah,2020-12-03,1746.7799
Nawab Shah,2020-12-04,1746.9209
Nawab Shah,2020-12-05,1747.0582
Nawab Shah,2020-12-06,1747.1917
Nawab Shah,2020-12-07,1747.3217
Nawab Shah,2020-12-08,1747.4482
Nawab Shah,2020-12-09,1747.5715
Nawab Shah,2020-12-10,1747.6914
Nawab Shah,2020-12-11,1747.808
Nawab Shah,2020-12-12,1747.9218
Nawab Shah,2020-12-13,1748.0323
Nawab Shah,2020-12-14,1748.1399
Nawab Shah,2020-12-15,1748.2448
Nawab Shah,2020-12-16,1748.3467
Nawab Shah,2020-12-17,1748.4459
Nawab Shah,2020-12-18,1748.5422
Nawab Shah,2020-12-19,1748.6362
Nawab Shah,2020-12-20,1748.7278
Nawab Shah,2020-12-21,1748.8169
Nawab Shah,2020-12-22,1748.9034
Nawab Shah,2020-12-23,1748.9878
Nawab Shah,2020-12-24,1749.0697
Nawab Shah,2020-12-25,1749.1494
Nawab Shah,2020-12-26,1749.2272
Nawab Shah,2020-12-27,1749.3027
Nawab Shah,2020-12-28,1749.3761
Nawab Shah,2020-12-29,1749.4478
Nawab Shah,2020-12-30,1749.5172
Nawab Shah,2020-12-31,1749.585
Nawab Shah,2021-01-01,1749.6508
Nawab Shah,2021-01-02,1749.7148
Nawab Shah,2021-01-03,1749.7772
Nawab Shah,2021-01-04,1749.8381
Nawab Shah,2021-01-05,1749.897
Nawab Shah,2021-01-06,1749.9542
Nawab Shah,2021-01-07,1750.0103
Nawab Shah,2021-01-08,1750.0646
Nawab Shah,2021-01-09,1750.1176
Nawab Shah,2021-01-10,1750.169
Nawab Shah,2021-01-11,1750.219
Sanghar,2020-07-16,1618.7375
Sanghar,2020-07-17,1620.7441
Sanghar,2020-07-18,1622.9293
Sanghar,2020-07-19,1625.3712
Sanghar,2020-07-20,1627.9011
Sanghar,2020-07-21,1630.8794
Sanghar,2020-07-22,1633.7413
Sanghar,2020-07-23,1636.692
Sanghar,2020-07-24,1639.363
Sanghar,2020-07-25,1642.0757
Sanghar,2020-07-26,1644.812
Sanghar,2020-07-27,1647.5532
Sanghar,2020-07-28,1650.2913
Sanghar,2020-07-29,1653.0057
Sanghar,2020-07-30,1655.7024
Sanghar,2020-07-31,1658.3772
Sanghar,2020-08-01,1661.0413
Sanghar,2020-08-02,1663.6912
Sanghar,2020-08-03,1666.3239
Sanghar,2020-08-04,1668.9381
Sanghar,2020-08-05,1671.5328
Sanghar,2020-08-06,1674.1079
Sanghar,2020-08-07,1676.6627
Sanghar,2020-08-08,1679.1969
Sanghar,2020-08-09,1681.7092
Sanghar,2020-08-10,1684.1992
Sanghar,2020-08-11,1686.6661
Sanghar,2020-08-12,1689.1095
Sanghar,2020-08-13,1691.5284
Sanghar,2020-08-14,1693.9226
Sanghar,2020-08-15,1696.2914
Sanghar,2020-08-16,1698.6342
Sanghar,2020-08-17,1700.9504
Sanghar,2020-08-18,1703.24
Sanghar,2020-08-19,1705.502
Sanghar,2020-08-20,1707.7361
Sanghar,2020-08-21,1709.9421
Sanghar,2020-08-22,1712.1194
Sanghar,2020-08-23,1714.268
Sanghar,2020-08-24,1716.3872
Sanghar,2020-08-25,1718.4768
Sanghar,2020-08-26,1720.5366
Sanghar,2020-08-27,1722.5667
Sanghar,2020-08-28,1724.566
Sanghar,2020-08-29,1726.5353
Sanghar,2020-08-30,1728.4738
Sanghar,2020-08-31,1730.382
Sanghar,2020-09-01,1732.259
Sanghar,2020-09-02,1734.1053
Sanghar,2020-09-03,1735.921
Sanghar,2020-09-04,1737.7053
Sanghar,2020-09-05,1739.4591
Sanghar,2020-09-06,1741.1821
Sanghar,2020-09-07,1742.874
Sanghar,2020-09-08,1744.5354
Sanghar,2020-09-09,1746.1661
Sanghar,2020-09-10,1747.7664
Sanghar,2020-09-11,1749.3363
Sanghar,2020-09-12,1750.8759
Sanghar,2020-09-13,1752.3855
Sanghar,2020-09-14,1753.8654
Sanghar,2020-09-15,1755.3158
Sanghar,2020-09-16,1756.7366
Sanghar,2020-09-17,1758.1284
Sanghar,2020-09-18,1759.4913
Sanghar,2020-09-19,1760.8259
Sanghar,2020-09-20,1762.1321
Sanghar,2020-09-21,1763.4102
Sanghar,2020-09-22,1764.6605
Sanghar,2020-09-23,1765.8838
Sanghar,2020-09-24,1767.0802
Sanghar,2020-09-25,1768.2496
Sanghar,2020-09-26,1769.3928
Sanghar,2020-09-27,1770.5103
Sanghar,2020-09-28,1771.6019
Sanghar,2020-09-29,1772.6686
Sanghar,2020-09-30,1773.7104
Sanghar,2020-10-01,1774.7277
Sanghar,2020-10-02,1775.7211
Sanghar,2020-10-03,1776.6907
Sanghar,2020-10-04,1777.6372
Sanghar,2020-10-05,1778.5608
Sanghar,2020-10-06,1779.4618
Sanghar,2020-10-07,1780.3408
Sanghar,2020-10-08,1781.1981
Sanghar,2020-10-09,1782.0342
Sanghar,2020-10-10,1782.8496
Sanghar,2020-10-11,1783.6443
Sanghar,2020-10-12,1784.4191
Sanghar,2020-10-13,1785.1741
Sanghar,2020-10-14,1785.9102
Sanghar,2020-10-15,1786.627
Sanghar,2020-10-16,1787.3253
Sanghar,2020-10-17,1788.0056
Sanghar,2020-10-18,1788.6683
Sanghar,2020-10-19,1789.3136
Sanghar,2020-10-20,1789.9419
Sanghar,2020-10-21,1790.554
Sanghar,2020-10-22,1791.1492
Sanghar,2020-10-23,1791.7291
Sanghar,2020-10-24,1792.2933
Sanghar,2020-10-25,1792.8423
Sanghar,2020-10-26,1793.3766
Sanghar,2020-10-27,1793.8965
Sanghar,2020-10-28,1794.4022
Sanghar,2020-10-29,1794.8942
Sanghar,2020-10-30,1795.3728
Sanghar,2020-10-31,1795.8383
Sanghar,2020-11-01,1796.2909
Sanghar,2020-11-02,1796.7311
Sanghar,2020-11-03,1797.1589
Sanghar,2020-11-04,1797.5751
Sanghar,2020-11-05,1797.9796
Sanghar,2020-11-06,1798.3728
Sanghar,2020-11-07,1798.7552
Sanghar,2020-11-08,1799.1267
Sanghar,2020-11-09,1799.4878
Sanghar,2020-11-10,1799.8385
Sanghar,2020-11-11,1800.1796
Sanghar,2020-11-12,1800.5111
Sanghar,2020-11-13,1800.8329
Sanghar,2020-11-14,1801.1456
Sanghar,2020-11-15,1801.4496
Sanghar,2020-11-16,1801.7449
Sanghar,2020-11-17,1802.0316
Sanghar,2020-11-18,1802.3102
Sanghar,2020-11-19,1802.5807
Sanghar,2020-11-20,1802.8434
Sanghar,2020-11-21,1803.0988
Sanghar,2020-11-22,1803.3466
Sanghar,2020-11-23,1803.5872
Sanghar,2020-11-24,1803.8207
Sanghar,2020-11-25,1804.0477
Sanghar,2020-11-26,1804.2681
Sanghar,2020-11-27,1804.4818
Sanghar,2020-11-28,1804.6896
Sanghar,2020-11-29,1804.8912
Sanghar,2020-11-30,1805.0872
Sanghar,2020-12-01,1805.277
Sanghar,2020-12-02,1805.4615
Sanghar,2020-12-03,1805.6406
Sanghar,2020-12-04,1805.8143
Sanghar,2020-12-05,1805.9832
Sanghar,2020-12-06,1806.1469
Sanghar,2020-12-07,1806.3058
Sanghar,2020-12-08,1806.46
Sanghar,2020-12-09,1806.6096
Sanghar,2020-12-10,1806.7548
Sanghar,2020-12-11,1806.896
Sanghar,2020-12-12,1807.0327
Sanghar,2020-12-13,1807.1654
Sanghar,2020-12-14,1807.2941
Sanghar,2020-12-15,1807.4191
Sanghar,2020-12-16,1807.5404
Sanghar,2020-12-17,1807.6581
Sanghar,2020-12-18,1807.7721
Sanghar,2020-12-19,1807.883
Sanghar,2020-12-20,1807.9905
Sanghar,2020-12-21,1808.0948
Sanghar,2020-12-22,1808.196
Sanghar,2020-12-23,1808.2942
Sanghar,2020-12-24,1808.3894
Sanghar,2020-12-25,1808.4818
Sanghar,2020-12-26,1808.5714
Sanghar,2020-12-27,1808.6583
Sanghar,2020-12-28,1808.7426
Sanghar,2020-12-29,1808.8245
Sanghar,2020-12-30,1808.9037
Sanghar,2020-12-31,1808.9808
Sanghar,2021-01-01,1809.0554
Sanghar,2021-01-02,1809.1279
Sanghar,2021-01-03,1809.1981
Sanghar,2021-01-04,1809.2661
Sanghar,2021-01-05,1809.3323
Sanghar,2021-01-06,1809.3964
Sanghar,2021-01-07,1809.4586
Sanghar,2021-01-08,1809.5188
Sanghar,2021-01-09,1809.5775
Sanghar,2021-01-10,1809.6343
Sanghar,2021-01-11,1809.6893
Hyderabad,2021-01-01,2141.4185
Hyderabad,2021-01-02,2147.9243
Hyderabad,2021-01-03,2145.0088
Hyderabad,2021-01-04,2147.5938
Hyderabad,2021-01-05,2156.4248
Hyderabad,2021-01-06,2165.8914
Hyderabad,2021-01-07,2174.2253
Hyderabad,2021-01-08,2182.2175
Hyderabad,2021-01-09,2188.454
Hyderabad,2021-01-10,2194.7334
Hyderabad,2021-01-11,2201.706
Hyderabad,2021-01-12,2208.949
Hyderabad,2021-01-13,2216.0042
Hyderabad,2021-01-14,2222.8264
Hyderabad,2021-01-15,2229.496
Hyderabad,2021-01-16,2236.0356
Hyderabad,2021-01-17,2242.561
Hyderabad,2021-01-18,2249.0603
Hyderabad,2021-01-19,2255.4773
Hyderabad,2021-01-20,2261.7866
Hyderabad,2021-01-21,2267.9954
Hyderabad,2021-01-22,2274.1143
Hyderabad,2021-01-23,2280.1472
Hyderabad,2021-01-24,2286.0967
Hyderabad,2021-01-25,2291.9565
Hyderabad,2021-01-26,2297.7222
Hyderabad,2021-01-27,2303.3926
Hyderabad,2021-01-28,2308.9692
Hyderabad,2021-01-29,2314.452
Hyderabad,2021-01-30,2319.8408
Hyderabad,2021-01-31,2325.1348
Hyderabad,2021-02-01,2330.3333
Hyderabad,2021-02-02,2335.436
Hyderabad,2021-02-03,2340.443
Hyderabad,2021-02-04,2345.3552
Hyderabad,2021-02-05,2350.1716
Hyderabad,2021-02-06,2354.8928
Hyderabad,2021-02-07,2359.5193
Hyderabad,2021-02-08,2364.051
Hyderabad,2021-02-09,2368.4893
Hyderabad,2021-02-10,2372.833
Hyderabad,2021-02-11,2377.0842
Hyderabad,2021-02-12,2381.243
Hyderabad,2021-02-13,2385.3105
Hyderabad,2021-02-14,2389.287
Hyderabad,2021-02-15,2393.1738
Hyderabad,2021-02-16,2396.9712
Hyderabad,2021-02-17,2400.681
Hyderabad,2021-02-18,2404.3035
Hyderabad,2021-02-19,2407.8398
Hyderabad,2021-02-20,2411.2915
Hyderabad,2021-02-21,2414.6592
Hyderabad,2021-02-22,2417.944
Hyderabad,2021-02-23,2421.1477
Hyderabad,2021-02-24,2424.271
Hyderabad,2021-02-25,2427.3157
Hyderabad,2021-02-26,2430.2827
Hyderabad,2021-02-27,2433.1733
Hyderabad,2021-02-28,2435.9893
Hyderabad,2021-03-01,2438.731
Hyderabad,2021-03-02,2441.4006
Hyderabad,2021-03-03,2443.9993
Hyderabad,2021-03-04,2446.528
Hyderabad,2021-03-05,2448.9885
Hyderabad,2021-03-06,2451.3828
Hyderabad,2021-03-07,2453.711
Hyderabad,2021-03-08,2455.9749
Hyderabad,2021-03-09,2458.176
Hyderabad,2021-03-10,2460.316
Hyderabad,2021-03-11,2462.3955
Hyderabad,2021-03-12,2464.4165
Hyderabad,2021-03-13,2466.38
Hyderabad,2021-03-14,2468.287
Hyderabad,2021-03-15,2470.14
Hyderabad,2021-03-16,2471.9387
Hyderabad,2021-03-17,2473.686
Hyderabad,2021-03-18,2475.3816
Hyderabad,2021-03-19,2477.0278
Hyderabad,2021-03-20,2478.6257
Hyderabad,2021-03-21,2480.176
Hyderabad,2021-03-22,2481.6807
Hyderabad,2021-03-23,2483.1404
Hyderabad,2021-03-24,2484.5564
Hyderabad,2021-03-25,2485.9294
Hyderabad,2021-03-26,2487.2617
Hyderabad,2021-03-27,2488.5535
Hyderabad,2021-03-28,2489.8054
Hyderabad,2021-03-29,2491.0203
Hyderabad,2021-03-30,2492.1973
Hyderabad,2021-03-31,2493.3384
Hyderabad,2021-04-01,2494.4443
Hyderabad,2021-04-02,2495.516
Hyderabad,2021-04-03,2496.555
Hyderabad,2021-04-04,2497.5613
Hyderabad,2021-04-05,2498.5366
Hyderabad,2021-04-06,2499.4817
Hyderabad,2021-04-07,2500.3967
Hyderabad,2021-04-08,2501.2837
Hyderabad,2021-04-09,2502.142
Hyderabad,2021-04-10,2502.9739
Hyderabad,2021-04-11,2503.7793
Hyderabad,2021-04-12,2504.5588
Hyderabad,2021-04-13,2505.3145
Hyderabad,2021-04-14,2506.0457
Hyderabad,2021-04-15,2506.754
Hyderabad,2021-04-16,2507.439
Hyderabad,2021-04-17,2508.1025
Hyderabad,2021-04-18,2508.7454
Hyderabad,2021-04-19,2509.3667
Hyderabad,2021-04-20,2509.9685
Hyderabad,2021-04-21,2510.5513
Hyderabad,2021-04-22,2511.115
Hyderabad,2021-04-23,2511.6604
Hyderabad,2021-04-24,2512.188
Hyderabad,2021-04-25,2512.6992
Hyderabad,2021-04-26,2513.193
Hyderabad,2021-04-27,2513.6716
Hyderabad,2021-04-28,2514.1345
Hyderabad,2021-04-29,2514.5823
Hyderabad,2021-04-30,2515.0156
Hyderabad,2021-05-01,2515.435
Hyderabad,2021-05-02,2515.84
Hyderabad,2021-05-03,2516.2327
Hyderabad,2021-05-04,2516.6118
Hyderabad,2021-05-05,2516.9792
Hyderabad,2021-05-06,2517.3337
Hyderabad,2021-05-07,2517.6775
Hyderabad,2021-05-08,2518.0095
Hyderabad,2021-05-09,2518.3308
Hyderabad,2021-05-10,2518.6416
Hyderabad,2021-05-11,2518.9421
Hyderabad,2021-05-12,2519.2327
Hyderabad,2021-05-13,2519.5137
Hyderabad,2021-05-14,2519.7856
Hyderabad,2021-05-15,2520.0483
Hyderabad,2021-05-16,2520.3025
Hyderabad,2021-05-17,2520.5483
Hyderabad,2021-05-18,2520.786
Hyderabad,2021-05-19,2521.0159
Hyderabad,2021-05-20,2521.2378
Hyderabad,2021-05-21,2521.4526
Hyderabad,2021-05-22,2521.6604
Hyderabad,2021-05-23,2521.8616
Hyderabad,2021-05-24,2522.056
Hyderabad,2021-05-25,2522.2434
Hyderabad,2021-05-26,2522.4253
Hyderabad,2021-05-27,2522.601
Hyderabad,2021-05-28,2522.7708
Hyderabad,2021-05-29,2522.9348
Hyderabad,2021-05-30,2523.0935
Hyderabad,2021-05-31,2523.2468
Hyderabad,2021-06-01,2523.3953
Hyderabad,2021-06-02,2523.5383
Hyderabad,2021-06-03,2523.6768
Hyderabad,2021-06-04,2523.8108
Hyderabad,2021-06-05,2523.9404
Hyderabad,2021-06-06,2524.0657
Hyderabad,2021-06-07,2524.1865
Hyderabad,2021-06-08,2524.3035
Hyderabad,2021-06-09,2524.4165
Hyderabad,2021-06-10,2524.5254
Hyderabad,2021-06-11,2524.6316
Hyderabad,2021-06-12,2524.734
Hyderabad,2021-06-13,2524.8323
Hyderabad,2021-06-14,2524.9277
Hyderabad,2021-06-15,2525.02
Hyderabad,2021-06-16,2525.1091
Hyderabad,2021-06-17,2525.195
Hyderabad,2021-06-18,2525.2783
Hyderabad,2021-06-19,2525.359
Hyderabad,2021-06-20,2525.4368
Hyderabad,2021-06-21,2525.5117
Hyderabad,2021-06-22,2525.585
Hyderabad,2021-06-23,2525.6553
Hyderabad,2021-06-24,2525.7231
Hyderabad,2021-06-25,2525.7886
Hyderabad,2021-06-26,2525.852
Hyderabad,2021-06-27,2525.9136
Hyderabad,2021-06-28,2525.9727
Hyderabad,2021-06-29,2526.0303
Badin,2020-07-16,1578.42
Badin,2020-07-17,1573.928
Badin,2020-07-18,1568.0845
Badin,2020-07-19,1561.61
Badin,2020-07-20,1554.4122
Badin,2020-07-21,1547.0068
Badin,2020-07-22,1539.3809
Badin,2020-07-23,1531.5254
Badin,2020-07-24,1524.9581
Badin,2020-07-25,1518.2407
Badin,2020-07-26,1511.5146
Badin,2020-07-27,1504.8397
Badin,2020-07-28,1498.2645
Badin,2020-07-29,1491.8018
Badin,2020-07-30,1485.4623
Badin,2020-07-31,1479.2559
Badin,2020-08-01,1473.1167
Badin,2020-08-02,1467.0614
Badin,2020-08-03,1461.0948
Badin,2020-08-04,1455.2179
Badin,2020-08-05,1449.428
Badin,2020-08-06,1443.7224
Badin,2020-08-07,1438.0985
Badin,2020-08-08,1432.5524
Badin,2020-08-09,1427.0845
Badin,2020-08-10,1421.6941
Badin,2020-08-11,1416.3795
Badin,2020-08-12,1411.1396
Badin,2020-08-13,1405.9733
Badin,2020-08-14,1400.8793
Badin,2020-08-15,1395.857
Badin,2020-08-16,1390.9055
Badin,2020-08-17,1386.0242
Badin,2020-08-18,1381.2122
Badin,2020-08-19,1376.469
Badin,2020-08-20,1371.7938
Badin,2020-08-21,1367.1863
Badin,2020-08-22,1362.6458
Badin,2020-08-23,1358.1719
Badin,2020-08-24,1353.7642
Badin,2020-08-25,1349.422
Badin,2020-08-26,1345.1453
Badin,2020-08-27,1340.9335
Badin,2020-08-28,1336.786
Badin,2020-08-29,1332.7029
Badin,2020-08-30,1328.6837
Badin,2020-08-31,1324.728
Badin,2020-09-01,1320.8356
Badin,2020-09-02,1317.0059
Badin,2020-09-03,1313.2388
Badin,2020-09-04,1309.5338
Badin,2020-09-05,1305.8909
Badin,2020-09-06,1302.3094
Badin,2020-09-07,1298.7893
Badin,2020-09-08,1295.3298
Badin,2020-09-09,1291.931
Badin,2020-09-10,1288.5922
Badin,2020-09-11,1285.3131
Badin,2020-09-12,1282.0934
Badin,2020-09-13,1278.9326
Badin,2020-09-14,1275.8304
Badin,2020-09-15,1272.7861
Badin,2020-09-16,1269.7996
Badin,2020-09-17,1266.8702
Badin,2020-09-18,1263.9976
Badin,2020-09-19,1261.181
Badin,2020-09-20,1258.4203
Badin,2020-09-21,1255.7146
Badin,2020-09-22,1253.0635
Badin,2020-09-23,1250.4667
Badin,2020-09-24,1247.9232
Badin,2020-09-25,1245.4326
Badin,2020-09-26,1242.9945
Badin,2020-09-27,1240.6082
Badin,2020-09-28,1238.2728
Badin,2020-09-29,1235.988
Badin,2020-09-30,1233.7529
Badin,2020-10-01,1231.5673
Badin,2020-10-02,1229.43
Badin,2020-10-03,1227.3407
Badin,2020-10-04,1225.2986
Badin,2020-10-05,1223.3029
Badin,2020-10-06,1221.3531
Badin,2020-10-07,1219.4486
Badin,2020-10-08,1217.5883
Badin,2020-10-09,1215.7717
Badin,2020-10-10,1213.9982
Badin,2020-10-11,1212.2671
Badin,2020-10-12,1210.5774
Badin,2020-10-13,1208.9287
Badin,2020-10-14,1207.3201
Badin,2020-10-15,1205.7509
Badin,2020-10-16,1204.2206
Badin,2020-10-17,1202.728
Badin,2020-10-18,1201.2728
Badin,2020-10-19,1199.8542
Badin,2020-10-20,1198.4714
Badin,2020-10-21,1197.1239
Badin,2020-10-22,1195.8108
Badin,2020-10-23,1194.5314
Badin,2020-10-24,1193.2849
Badin,2020-10-25,1192.071
Badin,2020-10-26,1190.8887
Badin,2020-10-27,1189.7374
Badin,2020-10-28,1188.6165
Badin,2020-10-29,1187.5253
Badin,2020-10-30,1186.463
Badin,2020-10-31,1185.4292
Badin,2020-11-01,1184.4231
Badin,2020-11-02,1183.444
Badin,2020-11-03,1182.4915
Badin,2020-11-04,1181.5648
Badin,2020-11-05,1180.6633
Badin,2020-11-06,1179.7865
Badin,2020-11-07,1178.9338
Badin,2020-11-08,1178.1047
Badin,2020-11-09,1177.2983
Badin,2020-11-10,1176.5144
Badin,2020-11-11,1175.7524
Badin,2020-11-12,1175.0116
Badin,2020-11-13,1174.2915
Badin,2020-11-14,1173.5916
Badin,2020-11-15,1172.9116
Badin,2020-11-16,1172.2506
Badin,2020-11-17,1171.6084
Badin,2020-11-18,1170.9845
Badin,2020-11-19,1170.3783
Badin,2020-11-20,1169.7893
Badin,2020-11-21,1169.2173
Badin,2020-11-22,1168.6616
Badin,2020-11-23,1168.122
Badin,2020-11-24,1167.5979
Badin,2020-11-25,1167.0887
Badin,2020-11-26,1166.5945
Badin,2020-11-27,1166.1146
Badin,2020-11-28,1165.6486
Badin,2020-11-29,1165.196
Badin,2020-11-30,1164.7568
Badin,2020-12-01,1164.3304
Badin,2020-12-02,1163.9165
Badin,2020-12-03,1163.5146
Badin,2020-12-04,1163.1246
Badin,2020-12-05,1162.7462
Badin,2020-12-06,1162.3787
Badin,2020-12-07,1162.0222
Badin,2020-12-08,1161.676
Badin,2020-12-09,1161.3402
Badin,2020-12-10,1161.0144
Badin,2020-12-11,1160.6982
Badin,2020-12-12,1160.3915
Badin,2020-12-13,1160.0938
Badin,2020-12-14,1159.805
Badin,2020-12-15,1159.5248
Badin,2020-12-16,1159.2529
Badin,2020-12-17,1158.9891
Badin,2020-12-18,1158.7334
Badin,2020-12-19,1158.4851
Badin,2020-12-20,1158.2444
Badin,2020-12-21,1158.011
Badin,2020-12-22,1157.7844
Badin,2020-12-23,1157.5647
Badin,2020-12-24,1157.3516
Badin,2020-12-25,1157.1449
Badin,2020-12-26,1156.9446
Badin,2020-12-27,1156.7501
Badin,2020-12-28,1156.5615
Badin,2020-12-29,1156.3788
Badin,2020-12-30,1156.2014
Badin,2020-12-31,1156.0294
Badin,2021-01-01,1155.8627
Badin,2021-01-02,1155.7009
Badin,2021-01-03,1155.5443
Badin,2021-01-04,1155.3922
Badin,2021-01-05,1155.2448
Badin,2021-01-06,1155.1018
Badin,2021-01-07,1154.9633
Badin,2021-01-08,1154.8287
Badin,2021-01-09,1154.6985
Badin,2021-01-10,1154.5721
Badin,2021-01-11,1154.4497
Chichawatni,2020-12-31,2062.8289
Chichawatni,2021-01-01,2072.024
Chichawatni,2021-01-02,2081.0918
Chichawatni,2021-01-03,2083.9226
Chichawatni,2021-01-04,2086.947
Chichawatni,2021-01-05,2087.5093
Chichawatni,2021-01-06,2088.2432
Chichawatni,2021-01-07,2087.4136
Chichawatni,2021-01-08,2089.8684
Chichawatni,2021-01-09,2091.7664
Chichawatni,2021-01-10,2093.1274
Chichawatni,2021-01-11,2094.3855
Chichawatni,2021-01-12,2095.5408
Chichawatni,2021-01-13,2096.7466
Chichawatni,2021-01-14,2097.9858
Chichawatni,2021-01-15,2099.3486
Chichawatni,2021-01-16,2100.6255
Chichawatni,2021-01-17,2101.8542
Chichawatni,2021-01-18,2103.0708
Chichawatni,2021-01-19,2104.281
Chichawatni,2021-01-20,2105.49
Chichawatni,2021-01-21,2106.693
Chichawatni,2021-01-22,2107.8872
Chichawatni,2021-01-23,2109.0645
Chichawatni,2021-01-24,2110.2295
Chichawatni,2021-01-25,2111.3853
Chichawatni,2021-01-26,2112.5315
Chichawatni,2021-01-27,2113.6677
Chichawatni,2021-01-28,2114.7942
Chichawatni,2021-01-29,2115.9097
Chichawatni,2021-01-30,2117.0144
Chichawatni,2021-01-31,2118.1091
Chichawatni,2021-02-01,2119.1938
Chichawatni,2021-02-02,2120.2688
Chichawatni,2021-02-03,2121.3335
Chichawatni,2021-02-04,2122.388
Chichawatni,2021-02-05,2123.4326
Chichawatni,2021-02-06,2124.4673
Chichawatni,2021-02-07,2125.4922
Chichawatni,2021-02-08,2126.5073
Chichawatni,2021-02-09,2127.5127
Chichawatni,2021-02-10,2128.508
Chichawatni,2021-02-11,2129.4941
Chichawatni,2021-02-12,2130.4705
Chichawatni,2021-02-13,2131.4373
Chichawatni,2021-02-14,2132.3945
Chichawatni,2021-02-15,2133.3425
Chichawatni,2021-02-16,2134.281
Chichawatni,2021-02-17,2135.2102
Chichawatni,2021-02-18,2136.1301
Chichawatni,2021-02-19,2137.0408
Chichawatni,2021-02-20,2137.9424
Chichawatni,2021-02-21,2138.8347
Chichawatni,2021-02-22,2139.718
Chichawatni,2021-02-23,2140.593
Chichawatni,2021-02-24,2141.458
Chichawatni,2021-02-25,2142.315
Chichawatni,2021-02-26,2143.1628
Chichawatni,2021-02-27,2144.002
Chichawatni,2021-02-28,2144.8325
Chichawatni,2021-03-01,2145.6543
Chichawatni,2021-03-02,2146.4678
Chichawatni,2021-03-03,2147.2725
Chichawatni,2021-03-04,2148.069
Chichawatni,2021-03-05,2148.857
Chichawatni,2021-03-06,2149.6367
Chichawatni,2021-03-07,2150.4082
Chichawatni,2021-03-08,2151.1716
Chichawatni,2021-03-09,2151.9268
Chichawatni,2021-03-10,2152.674
Chichawatni,2021-03-11,2153.413
Chichawatni,2021-03-12,2154.1445
Chichawatni,2021-03-13,2154.8677
Chichawatni,2021-03-14,2155.5833
Chichawatni,2021-03-15,2156.291
Chichawatni,2021-03-16,2156.9912
Chichawatni,2021-03-17,2157.6836
Chichawatni,2021-03-18,2158.3687
Chichawatni,2021-03-19,2159.0464
Chichawatni,2021-03-20,2159.716
Chichawatni,2021-03-21,2160.379
Chichawatni,2021-03-22,2161.0344
Chichawatni,2021-03-23,2161.6824
Chichawatni,2021-03-24,2162.3232
Chichawatni,2021-03-25,2162.957
Chichawatni,2021-03-26,2163.584
Chichawatni,2021-03-27,2164.2036
Chichawatni,2021-03-28,2164.8167
Chichawatni,2021-03-29,2165.4224
Chichawatni,2021-03-30,2166.0215
Chichawatni,2021-03-31,2166.614
Chichawatni,2021-04-01,2167.1997
Chichawatni,2021-04-02,2167.7788
Chichawatni,2021-04-03,2168.351
Chichawatni,2021-04-04,2168.9172
Chichawatni,2021-04-05,2169.4768
Chichawatni,2021-04-06,2170.03
Chichawatni,2021-04-07,2170.577
Chichawatni,2021-04-08,2171.1172
Chichawatni,2021-04-09,2171.6519
Chichawatni,2021-04-10,2172.18
Chichawatni,2021-04-11,2172.702
Chichawatni,2021-04-12,2173.2183
Chichawatni,2021-04-13,2173.7283
Chichawatni,2021-04-14,2174.2324
Chichawatni,2021-04-15,2174.7307
Chichawatni,2021-04-16,2175.2231
Chichawatni,2021-04-17,2175.71
Chichawatni,2021-04-18,2176.1914
Chichawatni,2021-04-19,2176.6667
Chichawatni,2021-04-20,2177.1365
Chichawatni,2021-04-21,2177.6008
Chichawatni,2021-04-22,2178.0598
Chichawatni,2021-04-23,2178.5134
Chichawatni,2021-04-24,2178.9614
Chichawatni,2021-04-25,2179.4043
Chichawatni,2021-04-26,2179.8418
Chichawatni,2021-04-27,2180.2744
Chichawatni,2021-04-28,2180.7014
Chichawatni,2021-04-29,2181.1238
Chichawatni,2021-04-30,2181.541
Chichawatni,2021-05-01,2181.9531
Chichawatni,2021-05-02,2182.3604
Chichawatni,2021-05-03,2182.7627
Chichawatni,2021-05-04,2183.1602
Chichawatni,2021-05-05,2183.5527
Chichawatni,2021-05-06,2183.9412
Chichawatni,2021-05-07,2184.3245
Chichawatni,2021-05-08,2184.7031
Chichawatni,2021-05-09,2185.0771
Chichawatni,2021-05-10,2185.4473
Chichawatni,2021-05-11,2185.8123
Chichawatni,2021-05-12,2186.1729
Chichawatni,2021-05-13,2186.5295
Chichawatni,2021-05-14,2186.8816
Chichawatni,2021-05-15,2187.2295
Chichawatni,2021-05-16,2187.5725
Chichawatni,2021-05-17,2187.912
Chichawatni,2021-05-18,2188.2473
Chichawatni,2021-05-19,2188.5784
Chichawatni,2021-05-20,2188.9053
Chichawatni,2021-05-21,2189.2283
Chichawatni,2021-05-22,2189.5474
Chichawatni,2021-05-23,2189.8625
Chichawatni,2021-05-24,2190.1738
Chichawatni,2021-05-25,2190.4812
Chichawatni,2021-05-26,2190.7847
Chichawatni,2021-05-27,2191.0847
Chichawatni,2021-05-28,2191.3809
Chichawatni,2021-05-29,2191.6733
Chichawatni,2021-05-30,2191.9622
Chichawatni,2021-05-31,2192.2476
Chichawatni,2021-06-01,2192.5293
Chichawatni,2021-06-02,2192.8074
Chichawatni,2021-06-03,2193.0823
Chichawatni,2021-06-04,2193.3538
Chichawatni,2021-06-05,2193.6216
Chichawatni,2021-06-06,2193.8862
Chichawatni,2021-06-07,2194.1477
Chichawatni,2021-06-08,2194.4058
Chichawatni,2021-06-09,2194.661
Chichawatni,2021-06-10,2194.9124
Chichawatni,2021-06-11,2195.1606
Chichawatni,2021-06-12,2195.4062
Chichawatni,2021-06-13,2195.6484
Chichawatni,2021-06-14,2195.8877
Chichawatni,2021-06-15,2196.1243
Chichawatni,2021-06-16,2196.3574
Chichawatni,2021-06-17,2196.5876
Chichawatni,2021-06-18,2196.8154
Chichawatni,2021-06-19,2197.0398
Chichawatni,2021-06-20,2197.2617
Chichawatni,2021-06-21,2197.4805
Chichawatni,2021-06-22,2197.6968
Chichawatni,2021-06-23,2197.9102
Chichawatni,2021-06-24,2198.1208
Chichawatni,2021-06-25,2198.3289
Chichawatni,2021-06-26,2198.5344
Chichawatni,2021-06-27,2198.737
Chichawatni,2021-06-28,2198.9375
Digri,2019-09-04,1330.323
Digri,2019-09-05,1327.0277
Digri,2019-09-06,1323.2339
Digri,2019-09-07,1319.1833
Digri,2019-09-08,1314.8246
Digri,2019-09-09,1310.6642
Digri,2019-09-10,1306.8312
Digri,2019-09-11,1302.8762
Digri,2019-09-12,1299.0271
Digri,2019-09-13,1295.2025
Digri,2019-09-14,1291.42
Digri,2019-09-15,1287.6865
Digri,2019-09-16,1284.0048
Digri,2019-09-17,1280.3689
Digri,2019-09-18,1276.7745
Digri,2019-09-19,1273.2247
Digri,2019-09-20,1269.7184
Digri,2019-09-21,1266.2559
Digri,2019-09-22,1262.837
Digri,2019-09-23,1259.462
Digri,2019-09-24,1256.1309
Digri,2019-09-25,1252.8436
Digri,2019-09-26,1249.6011
Digri,2019-09-27,1246.4034
Digri,2019-09-28,1243.251
Digri,2019-09-29,1240.1445
Digri,2019-09-30,1237.0845
Digri,2019-10-01,1234.0714
Digri,2019-10-02,1231.1061
Digri,2019-10-03,1228.189
Digri,2019-10-04,1225.3206
Digri,2019-10-05,1222.5016
Digri,2019-10-06,1219.7328
Digri,2019-10-07,1217.0146
Digri,2019-10-08,1214.3477
Digri,2019-10-09,1211.7324
Digri,2019-10-10,1209.1693
Digri,2019-10-11,1206.6589
Digri,2019-10-12,1204.2015
Digri,2019-10-13,1201.7975
Digri,2019-10-14,1199.4471
Digri,2019-10-15,1197.1506
Digri,2019-10-16,1194.9082
Digri,2019-10-17,1192.72
Digri,2019-10-18,1190.5858
Digri,2019-10-19,1188.5057
Digri,2019-10-20,1186.4797
Digri,2019-10-21,1184.5077
Digri,2019-10-22,1182.589
Digri,2019-10-23,1180.7236
Digri,2019-10-24,1178.9111
Digri,2019-10-25,1177.1511
Digri,2019-10-26,1175.4431
Digri,2019-10-27,1173.7864
Digri,2019-10-28,1172.1804
Digri,2019-10-29,1170.6245
Digri,2019-10-30,1169.118
Digri,2019-10-31,1167.6603
Digri,2019-11-01,1166.2501
Digri,2019-11-02,1164.887
Digri,2019-11-03,1163.5698
Digri,2019-11-04,1162.2979
Digri,2019-11-05,1161.0701
Digri,2019-11-06,1159.8856
Digri,2019-11-07,1158.7433
Digri,2019-11-08,1157.6422
Digri,2019-11-09,1156.5814
Digri,2019-11-10,1155.5597
Digri,2019-11-11,1154.5762
Digri,2019-11-12,1153.6298
Digri,2019-11-13,1152.7195
Digri,2019-11-14,1151.8441
Digri,2019-11-15,1151.0028
Digri,2019-11-16,1150.1945
Digri,2019-11-17,1149.418
Digri,2019-11-18,1148.6725
Digri,2019-11-19,1147.9569
Digri,2019-11-20,1147.2701
Digri,2019-11-21,1146.6115
Digri,2019-11-22,1145.9797
Digri,2019-11-23,1145.374
Digri,2019-11-24,1144.7936
Digri,2019-11-25,1144.2373
Digri,2019-11-26,1143.7043
Digri,2019-11-27,1143.194
Digri,2019-11-28,1142.7053
Digri,2019-11-29,1142.2374
Digri,2019-11-30,1141.7894
Digri,2019-12-01,1141.361
Digri,2019-12-02,1140.9509
Digri,2019-12-03,1140.5587
Digri,2019-12-04,1140.1835
Digri,2019-12-05,1139.8248
Digri,2019-12-06,1139.4818
Digri,2019-12-07,1139.154
Digri,2019-12-08,1138.8407
Digri,2019-12-09,1138.5411
Digri,2019-12-10,1138.255
Digri,2019-12-11,1137.9817
Digri,2019-12-12,1137.7205
Digri,2019-12-13,1137.4711
Digri,2019-12-14,1137.2328
Digri,2019-12-15,1137.0054
Digri,2019-12-16,1136.7881
Digri,2019-12-17,1136.5807
Digri,2019-12-18,1136.3827
Digri,2019-12-19,1136.1937
Digri,2019-12-20,1136.0133
Digri,2019-12-21,1135.8412
Digri,2019-12-22,1135.6769
Digri,2019-12-23,1135.5201
Digri,2019-12-24,1135.3706
Digri,2019-12-25,1135.2278
Digri,2019-12-26,1135.0917
Digri,2019-12-27,1134.9618
Digri,2019-12-28,1134.8379
Digri,2019-12-29,1134.7197
Digri,2019-12-30,1134.6069
Digri,2019-12-31,1134.4994
Digri,2020-01-01,1134.3969
Digri,2020-01-02,1134.2991
Digri,2020-01-03,1134.2059
Digri,2020-01-04,1134.117
Digri,2020-01-05,1134.0321
Digri,2020-01-06,1133.9513
Digri,2020-01-07,1133.8741
Digri,2020-01-08,1133.8008
Digri,2020-01-09,1133.7307
Digri,2020-01-10,1133.6638
Digri,2020-01-11,1133.6002
Digri,2020-01-12,1133.5394
Digri,2020-01-13,1133.4816
Digri,2020-01-14,1133.4264
Digri,2020-01-15,1133.3738
Digri,2020-01-16,1133.3237
Digri,2020-01-17,1133.2759
Digri,2020-01-18,1133.2303
Digri,2020-01-19,1133.187
Digri,2020-01-20,1133.1456
Digri,2020-01-21,1133.1062
Digri,2020-01-22,1133.0686
Digri,2020-01-23,1133.0328
Digri,2020-01-24,1132.9987
Digri,2020-01-25,1132.9662
Digri,2020-01-26,1132.9352
Digri,2020-01-27,1132.9056
Digri,2020-01-28,1132.8774
Digri,2020-01-29,1132.8507
Digri,2020-01-30,1132.8251
Digri,2020-01-31,1132.8007
Digri,2020-02-01,1132.7775
Digri,2020-02-02,1132.7554
Digri,2020-02-03,1132.7344
Digri,2020-02-04,1132.7142
Digri,2020-02-05,1132.6951
Digri,2020-02-06,1132.6769
Digri,2020-02-07,1132.6594
Digri,2020-02-08,1132.6428
Digri,2020-02-09,1132.6271
Digri,2020-02-10,1132.612
Digri,2020-02-11,1132.5978
Digri,2020-02-12,1132.5841
Digri,2020-02-13,1132.571
Digri,2020-02-14,1132.5587
Digri,2020-02-15,1132.5469
Digri,2020-02-16,1132.5356
Digri,2020-02-17,1132.5249
Digri,2020-02-18,1132.5148
Digri,2020-02-19,1132.505
Digri,2020-02-20,1132.4956
Digri,2020-02-21,1132.4869
Digri,2020-02-22,1132.4785
Digri,2020-02-23,1132.4705
Digri,2020-02-24,1132.4628
Digri,2020-02-25,1132.4556
Digri,2020-02-26,1132.4486
Digri,2020-02-27,1132.4419
Digri,2020-02-28,1132.4357
Digri,2020-02-29,1132.4297
Digri,2020-03-01,1132.424
Kunri,2020-07-16,1613.6399
Kunri,2020-07-17,1614.8331
Kunri,2020-07-18,1616.2231
Kunri,2020-07-19,1617.8597
Kunri,2020-07-20,1619.4357
Kunri,2020-07-21,1621.1747
Kunri,2020-07-22,1622.9375
Kunri,2020-07-23,1624.6133
Kunri,2020-07-24,1626.1111
Kunri,2020-07-25,1627.6045
Kunri,2020-07-26,1629.0746
Kunri,2020-07-27,1630.5078
Kunri,2020-07-28,1631.9042
Kunri,2020-07-29,1633.2577
Kunri,2020-07-30,1634.5673
Kunri,2020-07-31,1635.8368
Kunri,2020-08-01,1637.0713
Kunri,2020-08-02,1638.27
Kunri,2020-08-03,1639.4326
Kunri,2020-08-04,1640.5599
Kunri,2020-08-05,1641.6528
Kunri,2020-08-06,1642.7124
Kunri,2020-08-07,1643.7394
Kunri,2020-08-08,1644.7346
Kunri,2020-08-09,1645.6989
Kunri,2020-08-10,1646.6329
Kunri,2020-08-11,1647.5377
Kunri,2020-08-12,1648.4138
Kunri,2020-08-13,1649.2621
Kunri,2020-08-14,1650.0834
Kunri,2020-08-15,1650.8783
Kunri,2020-08-16,1651.6475
Kunri,2020-08-17,1652.3917
Kunri,2020-08-18,1653.1119
Kunri,2020-08-19,1653.8086
Kunri,2020-08-20,1654.4824
Kunri,2020-08-21,1655.1342
Kunri,2020-08-22,1655.7644
Kunri,2020-08-23,1656.3735
Kunri,2020-08-24,1656.9625
Kunri,2020-08-25,1657.5322
Kunri,2020-08-26,1658.0826
Kunri,2020-08-27,1658.6144
Kunri,2020-08-28,1659.1284
Kunri,2020-08-29,1659.6251
Kunri,2020-08-30,1660.105
Kunri,2020-08-31,1660.5686
Kunri,2020-09-01,1661.0165
Kunri,2020-09-02,1661.449
Kunri,2020-09-03,1661.8668
Kunri,2020-09-04,1662.2704
Kunri,2020-09-05,1662.6599
Kunri,2020-09-06,1663.0364
Kunri,2020-09-07,1663.3998
Kunri,2020-09-08,1663.7505
Kunri,2020-09-09,1664.089
Kunri,2020-09-10,1664.416
Kunri,2020-09-11,1664.7316
Kunri,2020-09-12,1665.0363
Kunri,2020-09-13,1665.3302
Kunri,2020-09-14,1665.6139
Kunri,2020-09-15,1665.8878
Kunri,2020-09-16,1666.152
Kunri,2020-09-17,1666.4072
Kunri,2020-09-18,1666.6531
Kunri,2020-09-19,1666.8905
Kunri,2020-09-20,1667.1195
Kunri,2020-09-21,1667.3406
Kunri,2020-09-22,1667.5538
Kunri,2020-09-23,1667.7595
Kunri,2020-09-24,1667.9579
Kunri,2020-09-25,1668.1493
Kunri,2020-09-26,1668.334
Kunri,2020-09-27,1668.512
Kunri,2020-09-28,1668.6838
Kunri,2020-09-29,1668.8495
Kunri,2020-09-30,1669.0093
Kunri,2020-10-01,1669.1635
Kunri,2020-10-02,1669.3121
Kunri,2020-10-03,1669.4554
Kunri,2020-10-04,1669.594
Kunri,2020-10-05,1669.727
Kunri,2020-10-06,1669.8555
Kunri,2020-10-07,1669.9796
Kunri,2020-10-08,1670.099
Kunri,2020-10-09,1670.2144
Kunri,2020-10-10,1670.3254
Kunri,2020-10-11,1670.4327
Kunri,2020-10-12,1670.5361
Kunri,2020-10-13,1670.6359
Kunri,2020-10-14,1670.7318
Kunri,2020-10-15,1670.8243
Kunri,2020-10-16,1670.9137
Kunri,2020-10-17,1670.9999
Kunri,2020-10-18,1671.0829
Kunri,2020-10-19,1671.1628
Kunri,2020-10-20,1671.2401
Kunri,2020-10-21,1671.3143
Kunri,2020-10-22,1671.3864
Kunri,2020-10-23,1671.4553
Kunri,2020-10-24,1671.5219
Kunri,2020-10-25,1671.5862
Kunri,2020-10-26,1671.6482
Kunri,2020-10-27,1671.7078
Kunri,2020-10-28,1671.7653
Kunri,2020-10-29,1671.8209
Kunri,2020-10-30,1671.8741
Kunri,2020-10-31,1671.9259
Kunri,2020-11-01,1671.9756
Kunri,2020-11-02,1672.0233
Kunri,2020-11-03,1672.0696
Kunri,2020-11-04,1672.114
Kunri,2020-11-05,1672.1569
Kunri,2020-11-06,1672.1981
Kunri,2020-11-07,1672.2379
Kunri,2020-11-08,1672.2764
Kunri,2020-11-09,1672.3135
Kunri,2020-11-10,1672.349
Kunri,2020-11-11,1672.3834
Kunri,2020-11-12,1672.4165
Kunri,2020-11-13,1672.4485
Kunri,2020-11-14,1672.4792
Kunri,2020-11-15,1672.509
Kunri,2020-11-16,1672.5375
Kunri,2020-11-17,1672.565
Kunri,2020-11-18,1672.5917
Kunri,2020-11-19,1672.6172
Kunri,2020-11-20,1672.6418
Kunri,2020-11-21,1672.6656
Kunri,2020-11-22,1672.6885
Kunri,2020-11-23,1672.7107
Kunri,2020-11-24,1672.7318
Kunri,2020-11-25,1672.7524
Kunri,2020-11-26,1672.7722
Kunri,2020-11-27,1672.7913
Kunri,2020-11-28,1672.8097
Kunri,2020-11-29,1672.8271
Kunri,2020-11-30,1672.8444
Kunri,2020-12-01,1672.8608
Kunri,2020-12-02,1672.8767
Kunri,2020-12-03,1672.8918
Kunri,2020-12-04,1672.9066
Kunri,2020-12-05,1672.9208
Kunri,2020-12-06,1672.9344
Kunri,2020-12-07,1672.9474
Kunri,2020-12-08,1672.9602
Kunri,2020-12-09,1672.9723
Kunri,2020-12-10,1672.984
Kunri,2020-12-11,1672.9956
Kunri,2020-12-12,1673.0065
Kunri,2020-12-13,1673.0171
Kunri,2020-12-14,1673.0273
Kunri,2020-12-15,1673.037
Kunri,2020-12-16,1673.0465
Kunri,2020-12-17,1673.0557
Kunri,2020-12-18,1673.0645
Kunri,2020-12-19,1673.0729
Kunri,2020-12-20,1673.0809
Kunri,2020-12-21,1673.089
Kunri,2020-12-22,1673.0964
Kunri,2020-12-23,1673.1038
Kunri,2020-12-24,1673.1107
Kunri,2020-12-25,1673.1176
Kunri,2020-12-26,1673.1241
Kunri,2020-12-27,1673.1305
Kunri,2020-12-28,1673.1366
Kunri,2020-12-29,1673.1423
Kunri,2020-12-30,1673.1478
Kunri,2020-12-31,1673.1533
Kunri,2021-01-01,1673.1587
Kunri,2021-01-02,1673.1636
Kunri,2021-01-03,1673.1686
Kunri,2021-01-04,1673.1731
Kunri,2021-01-05,1673.1776
Kunri,2021-01-06,1673.1819
Kunri,2021-01-07,1673.1862
Kunri,2021-01-08,1673.1902
Kunri,2021-01-09,1673.1941
Kunri,2021-01-10,1673.1979
Kunri,2021-01-11,1673.2014
Karachi,2021-01-01,2154.5757
Karachi,2021-01-02,2159.4917
Karachi,2021-01-03,2154.0093
Karachi,2021-01-04,2152.4905
Karachi,2021-01-05,2159.7517
Karachi,2021-01-06,2167.4688
Karachi,2021-01-07,2172.142
Karachi,2021-01-08,2177.211
Karachi,2021-01-09,2180.5674
Karachi,2021-01-10,2183.84
Karachi,2021-01-11,2187.902
Karachi,2021-01-12,2192.406
Karachi,2021-01-13,2196.6038
Karachi,2021-01-14,2200.4495
Karachi,2021-01-15,2204.1953
Karachi,2021-01-16,2207.807
Karachi,2021-01-17,2211.4182
Karachi,2021-01-18,2215.0293
Karachi,2021-01-19,2218.5686
Karachi,2021-01-20,2221.9927
Karachi,2021-01-21,2225.3215
Karachi,2021-01-22,2228.5786
Karachi,2021-01-23,2231.767
Karachi,2021-01-24,2234.8918
Karachi,2021-01-25,2237.9473
Karachi,2021-01-26,2240.928
Karachi,2021-01-27,2243.8342
Karachi,2021-01-28,2246.671
Karachi,2021-01-29,2249.4397
Karachi,2021-01-30,2252.142
Karachi,2021-01-31,2254.778
Karachi,2021-02-01,2257.3481
Karachi,2021-02-02,2259.853
Karachi,2021-02-03,2262.294
Karachi,2021-02-04,2264.673
Karachi,2021-02-05,2266.9902
Karachi,2021-02-06,2269.2476
Karachi,2021-02-07,2271.4456
Karachi,2021-02-08,2273.5847
Karachi,2021-02-09,2275.667
Karachi,2021-02-10,2277.6934
Karachi,2021-02-11,2279.665
Karachi,2021-02-12,2281.583
Karachi,2021-02-13,2283.448
Karachi,2021-02-14,2285.2617
Karachi,2021-02-15,2287.0247
Karachi,2021-02-16,2288.7388
Karachi,2021-02-17,2290.4045
Karachi,2021-02-18,2292.023
Karachi,2021-02-19,2293.5952
Karachi,2021-02-20,2295.123
Karachi,2021-02-21,2296.6067
Karachi,2021-02-22,2298.047
Karachi,2021-02-23,2299.4463
Karachi,2021-02-24,2300.8042
Karachi,2021-02-25,2302.1223
Karachi,2021-02-26,2303.4016
Karachi,2021-02-27,2304.6436
Karachi,2021-02-28,2305.8486
Karachi,2021-03-01,2307.017
Karachi,2021-03-02,2308.151
Karachi,2021-03-03,2309.2507
Karachi,2021-03-04,2310.3174
Karachi,2021-03-05,2311.352
Karachi,2021-03-06,2312.355
Karachi,2021-03-07,2313.3274
Karachi,2021-03-08,2314.2703
Karachi,2021-03-09,2315.1838
Karachi,2021-03-10,2316.0698
Karachi,2021-03-11,2316.9282
Karachi,2021-03-12,2317.76
Karachi,2021-03-13,2318.5664
Karachi,2021-03-14,2319.3474
Karachi,2021-03-15,2320.104
Karachi,2021-03-16,2320.8372
Karachi,2021-03-17,2321.5474
Karachi,2021-03-18,2322.235
Karachi,2021-03-19,2322.9016
Karachi,2021-03-20,2323.5469
Karachi,2021-03-21,2324.1716
Karachi,2021-03-22,2324.7769
Karachi,2021-03-23,2325.3628
Karachi,2021-03-24,2325.9302
Karachi,2021-03-25,2326.4795
Karachi,2021-03-26,2327.0112
Karachi,2021-03-27,2327.5261
Karachi,2021-03-28,2328.0244
Karachi,2021-03-29,2328.507
Karachi,2021-03-30,2328.9739
Karachi,2021-03-31,2329.4258
Karachi,2021-04-01,2329.8633
Karachi,2021-04-02,2330.2866
Karachi,2021-04-03,2330.696
Karachi,2021-04-04,2331.0925
Karachi,2021-04-05,2331.4763
Karachi,2021-04-06,2331.8474
Karachi,2021-04-07,2332.2063
Karachi,2021-04-08,2332.554
Karachi,2021-04-09,2332.8901
Karachi,2021-04-10,2333.2153
Karachi,2021-04-11,2333.5303
Karachi,2021-04-12,2333.8347
Karachi,2021-04-13,2334.129
Karachi,2021-04-14,2334.4138
Karachi,2021-04-15,2334.6897
Karachi,2021-04-16,2334.956
Karachi,2021-04-17,2335.2139
Karachi,2021-04-18,2335.463
Karachi,2021-04-19,2335.7043
Karachi,2021-04-20,2335.9377
Karachi,2021-04-21,2336.1633
Karachi,2021-04-22,2336.3816
Karachi,2021-04-23,2336.5923
Karachi,2021-04-24,2336.7969
Karachi,2021-04-25,2336.9941
Karachi,2021-04-26,2337.1848
Karachi,2021-04-27,2337.3696
Karachi,2021-04-28,2337.548
Karachi,2021-04-29,2337.7207
Karachi,2021-04-30,2337.8877
Karachi,2021-05-01,2338.0493
Karachi,2021-05-02,2338.205
Karachi,2021-05-03,2338.356
Karachi,2021-05-04,2338.5017
Karachi,2021-05-05,2338.643
Karachi,2021-05-06,2338.7795
Karachi,2021-05-07,2338.9114
Karachi,2021-05-08,2339.0388
Karachi,2021-05-09,2339.162
Karachi,2021-05-10,2339.2815
Karachi,2021-05-11,2339.3965
Karachi,2021-05-12,2339.5083
Karachi,2021-05-13,2339.6157
Karachi,2021-05-14,2339.7202
Karachi,2021-05-15,2339.8208
Karachi,2021-05-16,2339.9182
Karachi,2021-05-17,2340.0125
Karachi,2021-05-18,2340.1033
Karachi,2021-05-19,2340.1914
Karachi,2021-05-20,2340.2761
Karachi,2021-05-21,2340.3584
Karachi,2021-05-22,2340.438
Karachi,2021-05-23,2340.5146
Karachi,2021-05-24,2340.5889
Karachi,2021-05-25,2340.661
Karachi,2021-05-26,2340.7302
Karachi,2021-05-27,2340.7974
Karachi,2021-05-28,2340.8623
Karachi,2021-05-29,2340.925
Karachi,2021-05-30,2340.9856
Karachi,2021-05-31,2341.044
Karachi,2021-06-01,2341.1003
Karachi,2021-06-02,2341.1553
Karachi,2021-06-03,2341.2085
Karachi,2021-06-04,2341.2595
Karachi,2021-06-05,2341.3093
Karachi,2021-06-06,2341.357
Karachi,2021-06-07,2341.4028
Karachi,2021-06-08,2341.4478
Karachi,2021-06-09,2341.491
Karachi,2021-06-10,2341.5327
Karachi,2021-06-11,2341.5728
Karachi,2021-06-12,2341.612
Karachi,2021-06-13,2341.6497
Karachi,2021-06-14,2341.6858
Karachi,2021-06-15,2341.7212
Karachi,2021-06-16,2341.7551
Karachi,2021-06-17,2341.7878
Karachi,2021-06-18,2341.8198
Karachi,2021-06-19,2341.8506
Karachi,2021-06-20,2341.8804
Karachi,2021-06-21,2341.9087
Karachi,2021-06-22,2341.9368
Karachi,2021-06-23,2341.9631
Karachi,2021-06-24,2341.9895
Karachi,2021-06-25,2342.0146
Karachi,2021-06-26,2342.0386
Karachi,2021-06-27,2342.062
Karachi,2021-06-28,2342.0847
Karachi,2021-06-29,2342.1064
